date,portfolio_value,cash,realised_pnl,unrealised_pnl,benchmark_return,alpha
2026-06-22 23:59:00,9954.50840090544,4475.013492503258,-24.98650774964241,-20.50509159781791,,
2026-06-23 23:18:10,9862.395044733512,7865.891391499391,-134.10860850060945,-3.4963467658792524,0.0,0.0
2026-06-23 23:18:51,9862.395044733512,7865.891391499391,-134.10860850060945,-3.4963467658792524,0.0,0.0
2026-06-23 23:19:06,9862.395044733512,7865.891391499391,-134.10860850060945,-3.4963467658792524,0.0,0.0
2026-06-23 23:31:23,9862.395044733512,7865.891391499391,-134.10860850060945,-3.4963467658792524,0.0,0.0
2026-06-23 23:31:45,9862.395044733512,7865.891391499391,-134.10860850060945,-3.4963467658792524,0.0,0.0
2026-06-23 23:32:05,9862.395044733512,7865.891391499391,-134.10860850060945,-3.4963467658792524,0.0,0.0
2026-06-23 23:49:34,9862.395044733512,7865.891391499391,-134.10860850060945,-3.4963467658792524,0.0,0.0
2026-06-24 02:24:29,9879.607828811688,4365.891391499391,-134.10860850060945,13.716437312295398,0.0,0.0
2026-06-24 12:18:31,9836.958676772118,9836.958676772118,-163.04132322788317,0.0,,
2026-06-24 13:45:09,9836.958676772118,9836.958676772118,-163.04132322788317,0.0,,
2026-06-24 17:21:45,9836.958676772116,4336.958676772117,-163.0413232278832,1.1368683772161605e-13,0.7756822772668615,-0.4872705377668485
2026-06-24 17:24:05,9839.100035204883,4336.958676772117,-163.0413232278832,2.1413584327683566,0.777065425509498,-0.4886542886851508
2026-06-24 22:12:12,9840.313148130635,3836.9586767721166,-163.0413232278832,3.354471358521039,0.7640855393389374,-0.4757707981046148
2026-06-25 17:26:35,9779.694199638388,7289.684083650969,-210.31591634903089,-9.989884012582934,0.7667924108829258,-0.4861645908833429
2026-06-25 17:37:53,9779.694199638388,7289.684083650969,-210.31591634903089,-9.989884012582934,0.7637851931603992,-0.4841551696749926
2026-06-25 17:49:25,9779.694199638388,7289.684083650969,-210.31591634903089,-9.989884012582934,0.7627864183931561,-0.4835080088658487
2026-06-25 17:56:55,9779.694199638388,7289.684083650969,-210.31591634903089,-9.989884012582934,0.7616801792954833,-0.482613005760768
2026-06-25 18:23:30,9779.694199638388,7289.684083650969,-210.31591634903089,-9.989884012582934,0.7625436518725399,-0.4825337723234906
2026-06-25 18:29:00,9779.694199638388,7289.684083650969,-210.31591634903089,-9.989884012582934,0.7635687463766456,-0.4835254876737112
2026-06-25 18:41:14,9779.694199638388,7289.684083650969,-210.31591634903089,-9.989884012582934,0.765168602352897,-0.4846672369161615
2026-06-25 18:44:42,9779.694199638388,7289.684083650969,-210.31591634903089,-9.989884012582934,0.7624012489299727,-0.4819859452005632
2026-06-25 19:52:34,9779.694199638388,7289.684083650969,-210.31591634903089,-9.989884012582934,0.7655414370774221,-0.4856939890126368
2026-06-25 22:18:21,9779.694199638388,7289.684083650969,-210.31591634903089,-9.989884012582934,0.7666360229536364,-0.48648688536236
2026-06-26 14:18:32,9754.44718939768,9754.44718939768,-245.55281060231857,0.0,0.7666360229536364,-0.48944741776178
2026-06-26 15:08:35,9754.44718939768,7254.4471893976815,-245.55281060231857,0.0,0.7634360349187055,-0.4856728522636127
2026-06-26 15:13:54,9761.077523046257,7254.4471893976815,-245.55281060231857,6.630333648573469,0.7644106153776911,-0.485807495254668
2026-06-28 12:46:01,9773.969760410231,5254.4471893976815,-245.55281060231857,19.52257101255077,0.7348413455560836,-0.4610233209406473
2026-06-28 13:04:47,9773.969760410231,5254.4471893976815,-245.55281060231857,19.522571012550543,0.7348414715495601,-0.4610238289450294
2026-06-28 16:21:32,9773.969760410231,5254.4471893976815,-245.55281060231857,19.522571012550543,0.7348412195626255,-0.4610233566512458
2026-06-28 19:46:05,9773.969760410231,5254.4471893976815,-245.55281060231857,19.522571012550543,0.7348414715495601,-0.4610237501199941
2026-06-29 06:09:08,9773.969760410231,5254.4471893976815,-245.55281060231857,19.522571012550543,0.7348415975430549,-0.4619618367391704
2026-06-29 17:19:27,9770.33028863227,8970.33028863227,-229.66971136772912,0.0,0.7533160315238641,-0.4834217402992415
2026-06-30 12:06:58,9779.82388624683,4470.330288632271,-229.66971136772912,9.49359761455878,0.7351381677633348,-0.529291058494678
2026-06-30 13:30:31,9756.640463827933,4470.330288632271,-229.66971136772912,-13.689824804340446,0.7362736936132201,-0.4741540286006385
2026-06-30 17:17:43,9793.41749090288,4470.330288632271,-229.66971136772912,23.08720227060769,0.7484387848372562,-0.4833533841073787
2026-06-30 19:45:30,9801.476272761098,4470.330288632271,-229.66971136772912,31.145984128826058,0.7497732737667369,-0.4836814443082289
2026-06-30 20:37:16,9797.30930867408,4470.330288632271,-229.66971136772912,26.97902004180856,0.74663981032201,-0.4819802879374977
2026-06-30 22:37:13,9797.30930867408,4470.330288632271,-229.66971136772912,26.97902004180856,0.7466399349942983,-0.4819804546366579
2026-07-01 09:55:52,9791.518569687754,4470.330288632271,-229.66971136772912,21.188281055483685,0.74663981032201,-0.4848265698268135
2026-07-01 16:12:08,9819.578773704898,2470.330288632271,-229.66971136772912,49.24848507262675,0.7519022687609076,-0.486982414817098
2026-07-01 22:51:38,9806.945854537884,2470.330288632271,-229.66971136772912,36.615565905612016,0.744277347723209,-0.479568433924439
2026-07-02 13:21:44,,2470.330288632271,-229.66971136772912,,0.7442775967305284,-0.5048469654094634
2026-07-02 16:35:35,9760.03912294092,1970.3302886322708,-229.66971136772912,-10.291165691351466,0.7373776119928201,-0.4878848917200449
2026-07-02 21:02:58,9798.533170081584,2770.330288632271,-229.66971136772912,28.202881449313622,0.7419854947748183,-0.540950775588313
2026-07-03 00:48:34,9835.314422045498,4971.055922446563,-228.94407755343693,64.25849959893446,0.7419854947748183,-0.4864613451626971
2026-07-03 13:23:44,9820.321824423165,2971.055922446564,-228.94407755343693,49.26590197660028,0.7419853704347563,-0.491029611067012
2026-07-04 11:43:04,9824.01198967898,4964.109931975037,-235.89006802496283,59.90205770394323,0.7419851217546853,-0.4897332901590914
2026-07-04 11:54:21,9824.203922358593,4964.109931975037,-235.89006802496283,60.09399038355582,0.7419851217546853,-0.4897092221131909
2026-07-04 14:31:40,9941.535472031695,5084.073302044593,-115.9266979554007,57.46216998710224,0.7419851217546853,-0.4897092221131909
2026-07-04 14:32:13,9947.053967426891,5084.073302044593,-115.9266979554007,62.980665382299776,0.7419854947748183,-0.4893518178938469
2026-07-04 14:37:15,9941.412608875948,5084.073302044593,-115.9266979554007,57.3393068313535,0.7419854947748183,-0.4893518178938469
2026-07-04 14:37:27,9946.029030048678,5084.073302044593,-115.9266979554007,61.95572800408536,0.7419854947748183,-0.4894788310886342
2026-07-04 14:42:29,9941.024901114444,5084.073302044593,-115.9266979554007,56.951599069851,0.7419854947748183,-0.4894788310886342
2026-07-04 14:42:41,9945.641322287176,5084.073302044593,-115.9266979554007,61.56802024258286,0.7419853704347563,-0.4895270148132209
2026-07-04 14:47:43,9941.024901114444,5084.073302044593,-115.9266979554007,56.951599069851,0.7419853704347563,-0.4895270148132209
2026-07-04 14:47:57,9945.641322287176,5084.073302044593,-115.9266979554007,61.56802024258286,0.7419853704347563,-0.4895272473130441
2026-07-04 14:52:58,9941.117071910538,5084.073302044593,-115.9266979554007,57.04376986594434,0.7419853704347563,-0.4895272473130441
2026-07-04 14:53:11,9945.73349308327,5084.073302044593,-115.9266979554007,61.6601910386762,0.7419853704347563,-0.4895157116149389
2026-07-04 14:58:12,9941.063325137218,5084.073302044593,-115.9266979554007,56.99002309262505,0.7419853704347563,-0.4895157116149389
2026-07-04 14:58:25,9945.67974630995,5084.073302044593,-115.9266979554007,61.60644426535691,0.7419852460947118,-0.4895221068711677
2026-07-04 15:03:27,9942.23024396544,5084.073302044593,-115.9266979554007,58.15694192084629,0.7419852460947118,-0.4895221068711677
2026-07-04 15:03:39,9946.846665138171,5084.073302044593,-115.9266979554007,62.77336309357816,0.7419853704347563,-0.489377671323888
2026-07-04 15:08:40,9942.172701648407,5084.073302044593,-115.9266979554007,58.09939960381416,0.7419853704347563,-0.489377671323888
2026-07-04 15:08:53,9946.78912282114,5084.073302044593,-115.9266979554007,62.715820776546025,0.7419852460947118,-0.4893844290938385
2026-07-04 15:13:55,9942.875158386703,5084.073302044593,-115.9266979554007,58.80185634211284,0.7419852460947118,-0.4893844290938385
2026-07-04 15:14:07,9947.49157955944,5084.073302044593,-115.9266979554007,63.4182775148447,0.7419854947748183,-0.4892970147129176
2026-07-04 15:19:09,9943.68895107392,5084.073302044593,-115.9266979554007,59.61564902932787,0.7419854947748183,-0.4892970147129176
2026-07-04 15:19:21,9948.339907008583,5084.073302044593,-115.9266979554007,64.266604963992,0.7419852460947118,-0.4891921613295862
2026-07-04 15:24:22,9943.650573909712,5084.073302044593,-115.9266979554007,59.57727186511784,0.7419852460947118,-0.4891921613295862
2026-07-04 15:24:34,9948.27847543071,5084.073302044593,-115.9266979554007,64.20517338611808,0.7419851217546853,-0.4892000290949092
2026-07-04 15:29:35,9943.174584612956,5084.073302044593,-115.9266979554007,59.101282568363786,0.7419851217546853,-0.4892000290949092
2026-07-04 15:29:48,9947.79100578569,5084.073302044593,-115.9266979554007,63.71770374109565,0.7419851217546853,-0.4892600353991509
2026-07-04 15:34:49,9942.813726808832,5084.073302044593,-115.9266979554007,58.74042476423893,0.7419851217546853,-0.4892600353991509
2026-07-04 15:35:02,9947.430147981564,5084.073302044593,-115.9266979554007,63.35684593697079,0.7419852460947118,-0.4893053500124784
2026-07-04 15:40:03,9942.813726808832,5084.073302044593,-115.9266979554007,58.74042476423893,0.7419852460947118,-0.4893053500124784
2026-07-04 15:40:16,9947.430147981564,5084.073302044593,-115.9266979554007,63.35684593697079,0.7419852460947118,-0.4893050505529508
2026-07-04 15:45:18,9943.163057406124,5084.073302044593,-115.9266979554007,59.08975536153139,0.7419852460947118,-0.4893050505529508
2026-07-04 15:45:31,9947.810170938512,5084.073302044593,-115.9266979554007,63.736868893918654,0.7419851217546853,-0.4892582019953311
2026-07-04 15:50:32,9942.832938820218,5084.073302044593,-115.9266979554007,58.75963677562595,0.7419851217546853,-0.4892582019953311
2026-07-04 15:50:44,9947.449359992952,5084.073302044593,-115.9266979554007,63.37605794835781,0.7419853704347563,-0.4893028565888995
2026-07-04 15:55:45,9943.05172145721,5084.073302044593,-115.9266979554007,58.97841941261595,0.7419853704347563,-0.4893028565888995
2026-07-04 15:55:58,9947.756424165193,5084.073302044593,-115.9266979554007,63.68312212059936,0.7419852460947118,-0.4892646190624261
2026-07-04 16:00:59,9943.930788124577,5084.073302044593,-115.9266979554007,59.85748607998176,0.7419852460947118,-0.4892646190624261
2026-07-04 16:01:12,9948.547209297309,5084.073302044593,-115.9266979554007,64.47390725271362,0.7419853704347563,-0.489166356641239
2026-07-04 16:06:14,9944.637087265151,5084.073302044593,-115.9266979554007,60.5637852205582,0.7419853704347563,-0.489166356641239
2026-07-04 16:06:27,9949.253508437883,5084.073302044593,-115.9266979554007,65.18020639329006,0.7419856191148984,-0.4890790403611524
2026-07-04 16:11:28,9947.915312427676,5084.073302044593,-115.9266979554007,63.84201038308311,0.7419856191148984,-0.4890790403611524
2026-07-04 16:11:41,9952.366650878172,5084.073302044593,-115.9266979554007,68.29334883357933,0.7419852460947118,-0.4886934743897624
2026-07-04 16:16:43,9947.9114700254,5084.073302044593,-115.9266979554007,63.83816798080534,0.7419852460947118,-0.4886934743897624
2026-07-04 16:16:56,9952.52789119813,5084.073302044593,-115.9266979554007,68.4545891535372,0.7419851217546853,-0.4886730245353081
2026-07-04 16:21:57,9948.732947517168,5084.073302044593,-115.9266979554007,64.659645472575,0.7419851217546853,-0.4886730245353081
2026-07-04 16:22:10,9953.3493686899,5084.073302044593,-115.9266979554007,69.27606664530686,0.7419853704347563,-0.488570872302154
2026-07-04 16:27:12,9949.938290368164,5084.073302044593,-115.9266979554007,65.86498832357029,0.7419853704347563,-0.488570872302154
2026-07-04 16:27:25,9954.270654923754,5084.073302044593,-115.9266979554007,70.19735287916046,0.7419853704347563,-0.4884568636050039
2026-07-04 16:32:26,9948.89798338084,5084.073302044593,-115.9266979554007,64.8246813362457,0.7419853704347563,-0.4884568636050039
2026-07-04 16:32:39,9953.51440455357,5084.073302044593,-115.9266979554007,69.44110250897756,0.7419853704347563,-0.4885508820462818
2026-07-04 16:37:41,9949.251156380413,5084.073302044593,-115.9266979554007,65.17785433581685,0.7419853704347563,-0.4885508820462818
2026-07-04 16:37:54,9953.86757755314,5084.073302044593,-115.9266979554007,69.79427550854871,0.7419852460947118,-0.4885068745412033
2026-07-04 16:42:55,9948.859606216629,5084.073302044593,-115.9266979554007,64.78630417203658,0.7419852460947118,-0.4885068745412033
2026-07-04 16:43:06,9953.476027389364,5084.073302044593,-115.9266979554007,69.40272534476844,0.7419854947748183,-0.4885557209249522
2026-07-04 16:48:08,9950.137907852331,5084.073302044593,-115.9266979554007,66.06460580773819,0.7419854947748183,-0.4885557209249522
2026-07-04 16:48:19,9954.754329025063,5084.073302044593,-115.9266979554007,70.68102698047005,0.7419854947748183,-0.4883968013052775
2026-07-04 16:53:21,9949.48530862651,5084.073302044593,-115.9266979554007,65.4120065819161,0.7419854947748183,-0.4883968013052775
2026-07-04 16:53:32,9954.10172979924,5084.073302044593,-115.9266979554007,70.02842775464796,0.7419851217546853,-0.488477496301958
2026-07-04 16:58:34,9949.377815079872,5084.073302044593,-115.9266979554007,65.30451303527752,0.7419851217546853,-0.488477496301958
2026-07-04 16:58:45,9953.994236252602,5084.073302044593,-115.9266979554007,69.92093420800938,0.7419856191148984,-0.4884912616477412
2026-07-04 17:03:46,9948.798174638756,5084.073302044593,-115.9266979554007,64.72487259416266,0.7419856191148984,-0.4884912616477412
2026-07-04 17:03:58,9953.414595811488,5084.073302044593,-115.9266979554007,69.34129376689452,0.7419853704347563,-0.4885631863650104
2026-07-04 17:08:59,9948.303020189178,5084.073302044593,-115.9266979554007,64.2297181445856,0.7419853704347563,-0.4885631863650104
2026-07-04 17:09:11,9952.919441361912,5084.073302044593,-115.9266979554007,68.84613931731747,0.7419852460947118,-0.4886244726368971
2026-07-04 17:14:12,9947.615886201424,5084.073302044593,-115.9266979554007,63.54258415683216,0.7419852460947118,-0.4886244726368971
2026-07-04 17:14:24,9952.232307374155,5084.073302044593,-115.9266979554007,68.15900532956402,0.7419853704347563,-0.4887095314229879
2026-07-04 17:19:26,9947.953689591886,5084.073302044593,-115.9266979554007,63.88038754729223,0.7419853704347563,-0.4887095314229879
2026-07-04 17:19:37,9952.570110764616,5084.073302044593,-115.9266979554007,68.49680872002409,0.7419852460947118,-0.4886677729699609
2026-07-04 17:24:39,9948.080348291349,5084.073302044593,-115.9266979554007,64.00704624675382,0.7419852460947118,-0.4886677729699609
2026-07-04 17:24:50,9952.69676946408,5084.073302044593,-115.9266979554007,68.62346741948568,0.7419853704347563,-0.4886523421359565
2026-07-04 17:29:52,9948.32602774428,5084.073302044593,-115.9266979554007,64.25272569968547,0.7419853704347563,-0.4886523421359565
2026-07-04 17:30:03,9952.94244891701,5084.073302044593,-115.9266979554007,68.86914687241733,0.7419853704347563,-0.4886213058910233
2026-07-04 17:35:04,9948.828913856974,5084.073302044593,-115.9266979554007,64.75561181238118,0.7419853704347563,-0.4886213058910233
2026-07-04 17:35:16,9953.445335029706,5084.073302044593,-115.9266979554007,69.37203298511304,0.7419853704347563,-0.4885593374671679
2026-07-04 17:40:17,9948.683043146128,5084.073302044593,-115.9266979554007,64.60974110153347,0.7419853704347563,-0.4885593374671679
2026-07-04 17:40:29,9953.299464318858,5084.073302044593,-115.9266979554007,69.22616227426533,0.7419853704347563,-0.4885769168109846
2026-07-04 17:45:30,9948.164834282885,5084.073302044593,-115.9266979554007,64.09153223829253,0.7419853704347563,-0.4885769168109846
2026-07-04 17:45:42,9952.78125545562,5084.073302044593,-115.9266979554007,68.70795341102439,0.7419852460947118,-0.4886414512181671
2026-07-04 17:50:43,9947.942162385054,5084.073302044593,-115.9266979554007,63.86886034046074,0.7419852460947118,-0.4886414512181671
2026-07-04 17:50:55,9952.558583557786,5084.073302044593,-115.9266979554007,68.4852815131926,0.7419853704347563,-0.4886691356907084
2026-07-04 17:55:56,9948.061183138523,5084.073302044593,-115.9266979554007,63.98788109393081,0.7419853704347563,-0.4886691356907084
2026-07-04 17:56:07,9952.677604311257,5084.073302044593,-115.9266979554007,68.60430226666267,0.7419853704347563,-0.4886548722027506
2026-07-04 18:01:08,9946.863525092083,5084.073302044593,-115.9266979554007,62.790223047491054,0.7419853704347563,-0.4886548722027506
2026-07-04 18:01:19,9951.479946264815,5084.073302044593,-115.9266979554007,67.40664422022292,0.7419853704347563,-0.4888026934140241
2026-07-04 18:06:21,9946.560256463556,5084.073302044593,-115.9266979554007,62.48695441896234,0.7419853704347563,-0.4888026934140241
2026-07-04 18:06:32,9951.28032878065,5084.073302044593,-115.9266979554007,67.20702673605501,0.7419852460947118,-0.4888275040107173
2026-07-04 18:11:34,9946.748346740893,5084.073302044593,-115.9266979554007,62.675044696297846,0.7419852460947118,-0.4888275040107173
2026-07-04 18:11:46,9951.364767913625,5084.073302044593,-115.9266979554007,67.29146586902971,0.7419852460947118,-0.4888170701921424
2026-07-04 18:16:47,9946.663907607915,5084.073302044593,-115.9266979554007,62.59060556332315,0.7419852460947118,-0.4888170701921424
2026-07-04 18:16:59,9951.28032878065,5084.073302044593,-115.9266979554007,67.20702673605501,0.7419853704347563,-0.4888277206121143
2026-07-04 18:22:00,9947.35867954166,5084.073302044593,-115.9266979554007,63.28537749706811,0.7419853704347563,-0.4888277206121143
2026-07-04 18:22:12,9951.975100714391,5084.073302044593,-115.9266979554007,67.90179866979997,0.7419852460947118,-0.4887411811822948
2026-07-04 18:27:13,9947.869250458913,5084.073302044593,-115.9266979554007,63.795948414318445,0.7419852460947118,-0.4887411811822948
2026-07-04 18:27:25,9952.819632619829,5084.073302044593,-115.9266979554007,68.74633057523351,0.7419854947748183,-0.4886365273877191
2026-07-04 18:32:26,9948.656146330184,5084.073302044593,-115.9266979554007,64.58284428559182,0.7419854947748183,-0.4886365273877191
2026-07-04 18:32:38,9953.272567502918,5084.073302044593,-115.9266979554007,69.19926545832368,0.7419854947748183,-0.4885809626948407
2026-07-04 18:37:40,9948.134095064666,5084.073302044593,-115.9266979554007,64.0607930200731,0.7419854947748183,-0.4885809626948407
2026-07-04 18:37:52,9952.750516237398,5084.073302044593,-115.9266979554007,68.67721419280497,0.7419853704347563,-0.4886453131562691
2026-07-04 18:42:53,9948.498795271067,5084.073302044593,-115.9266979554007,64.42549322647574,0.7419853704347563,-0.4886453131562691
2026-07-04 18:43:06,9953.1152164438,5084.073302044593,-115.9266979554007,69.0419143992076,0.7419852460947118,-0.4886003586099625
2026-07-04 18:48:07,9949.18588240026,5084.073302044593,-115.9266979554007,65.11258035566516,0.7419852460947118,-0.4886003586099625
2026-07-04 18:48:19,9953.798461170712,5084.073302044593,-115.9266979554007,69.72515912611925,0.7419851217546853,-0.4885150469954697
2026-07-04 18:53:20,9952.71747182027,5084.073302044593,-115.9266979554007,68.64416977567635,0.7419851217546853,-0.4885150469954697
2026-07-04 18:53:33,9957.333892993,5084.073302044593,-115.9266979554007,73.26059094840821,0.7419853704347563,-0.4880772255508601
2026-07-04 18:58:34,9952.3067096451,5084.073302044593,-115.9266979554007,68.23340760050905,0.7419853704347563,-0.4880772255508601
2026-07-04 18:58:46,9956.923130817837,5084.073302044593,-115.9266979554007,72.84982877324092,0.7419853704347563,-0.4881278199263499
2026-07-04 19:03:47,9950.951700539546,5084.073302044593,-115.9266979554007,66.87839849495231,0.7419853704347563,-0.4881278199263499
2026-07-04 19:03:59,9955.568121712276,5084.073302044593,-115.9266979554007,71.49481966768417,0.7419853704347563,-0.4882955567690163
2026-07-04 19:09:01,9951.98427586375,5084.073302044593,-115.9266979554007,67.91097381915733,0.7419853704347563,-0.4882955567690163
2026-07-04 19:09:12,9956.600697036483,5084.073302044593,-115.9266979554007,72.5273949918892,0.7419854947748183,-0.4881682459368694
2026-07-04 19:14:13,9952.809595757795,5084.073302044593,-115.9266979554007,68.73629371320476,0.7419854947748183,-0.4881682459368694
2026-07-04 19:14:26,9957.42601693053,5084.073302044593,-115.9266979554007,73.35271488593662,0.7419853704347563,-0.4880658286097059
2026-07-04 19:19:27,9952.05339224618,5084.073302044593,-115.9266979554007,67.98009020158679,0.7419853704347563,-0.4880658286097059
2026-07-04 19:19:39,9956.669813418912,5084.073302044593,-115.9266979554007,72.59651137431865,0.7419853704347563,-0.4881594140614218
2026-07-04 19:24:41,9951.1935375902,5084.073302044593,-115.9266979554007,67.1202355456071,0.7419853704347563,-0.4881594140614218
2026-07-04 19:24:52,9955.62566402931,5084.073302044593,-115.9266979554007,71.55236198471721,0.7419853704347563,-0.4882887194853498
2026-07-04 19:29:53,9950.93248852816,5084.073302044593,-115.9266979554007,66.85918648356528,0.7419853704347563,-0.4882887194853498
2026-07-04 19:30:04,9955.571917255991,5084.073302044593,-115.9266979554007,71.49861521139792,0.7419851217546853,-0.4882951323155386
2026-07-04 19:35:06,9950.088003481287,5084.073302044593,-115.9266979554007,66.01470143669576,0.7419851217546853,-0.4882951323155386
2026-07-04 19:35:17,9954.85793331086,5084.073302044593,-115.9266979554007,70.78463126626593,0.7419851217546853,-0.4883838564376894
2026-07-04 19:40:19,9950.195450169364,5084.073302044593,-115.9266979554007,66.12214812477032,0.7419851217546853,-0.4883838564376894
2026-07-04 19:40:31,9954.243758107812,5084.073302044593,-115.9266979554007,70.17045606321881,0.7419851217546853,-0.4884599604613036
2026-07-04 19:45:32,9949.957455520987,5084.073302044593,-115.9266979554007,65.8841534763933,0.7419851217546853,-0.4884599604613036
2026-07-04 19:45:44,9954.573876693716,5084.073302044593,-115.9266979554007,70.50057464912516,0.7419854947748183,-0.4884195061315992
2026-07-04 19:50:46,9949.995832685196,5084.073302044593,-115.9266979554007,65.92253064060242,0.7419854947748183,-0.4884195061315992
2026-07-04 19:50:58,9954.612253857927,5084.073302044593,-115.9266979554007,70.53895181333428,0.7419851217546853,-0.4884147739782714
2026-07-04 19:55:59,9950.264566551792,5084.073302044593,-115.9266979554007,66.19126450719887,0.7419851217546853,-0.4884147739782714
2026-07-04 19:56:12,9954.880987724524,5084.073302044593,-115.9266979554007,70.80768567993073,0.7419853704347563,-0.4883817773559475
2026-07-04 20:01:14,9950.222346985303,5084.073302044593,-115.9266979554007,66.14904494071197,0.7419853704347563,-0.4883817773559475
2026-07-04 20:01:27,9954.838768158035,5084.073302044593,-115.9266979554007,70.76546611344384,0.7419853704347563,-0.4883864134957212
2026-07-04 20:06:28,9950.25303934496,5084.073302044593,-115.9266979554007,66.17973730036647,0.7419853704347563,-0.4883864134957212
2026-07-04 20:06:42,9954.869460517692,5084.073302044593,-115.9266979554007,70.79615847309833,0.7419854947748183,-0.4883828110921939
2026-07-04 20:11:43,9949.208936813922,5084.073302044593,-115.9266979554007,65.13563476932904,0.7419854947748183,-0.4883828110921939
2026-07-04 20:11:57,9953.898269912796,5084.073302044593,-115.9266979554007,69.8249678682032,0.7419854947748183,-0.488503471073249
2026-07-04 20:16:58,9949.2127792162,5084.073302044593,-115.9266979554007,65.13947717160681,0.7419854947748183,-0.488503471073249
2026-07-04 20:17:10,9953.829200388933,5084.073302044593,-115.9266979554007,69.75589834433868,0.7419854947748183,-0.4885119724468492
2026-07-04 20:22:12,9950.14554579832,5084.073302044593,-115.9266979554007,66.07224375372789,0.7419854947748183,-0.4885119724468492
2026-07-04 20:22:25,9954.761966971051,5084.073302044593,-115.9266979554007,70.68866492645975,0.7419853704347563,-0.4883954577047376
2026-07-04 20:27:26,9950.160915407432,5084.073302044593,-115.9266979554007,66.08761336283806,0.7419853704347563,-0.4883954577047376
2026-07-04 20:27:39,9954.984638868886,5084.073302044593,-115.9266979554007,70.91133682429154,0.7419852460947118,-0.4883681309791028
2026-07-04 20:32:41,9949.788577255038,5084.073302044593,-115.9266979554007,65.71527521044482,0.7419852460947118,-0.4883681309791028
2026-07-04 20:32:53,9954.666000631249,5084.073302044593,-115.9266979554007,70.59269858665357,0.7419851217546853,-0.4884077649290101
2026-07-04 20:37:55,9950.375902500708,5084.073302044593,-115.9266979554007,66.3026004561143,0.7419851217546853,-0.4884077649290101
2026-07-04 20:38:08,9954.99232367344,5084.073302044593,-115.9266979554007,70.91902162884617,0.7419853704347563,-0.488367173918262
2026-07-04 20:43:09,9950.947858137268,5084.073302044593,-115.9266979554007,66.87455609267545,0.7419853704347563,-0.488367173918262
2026-07-04 20:43:22,9955.56427931,5084.073302044593,-115.9266979554007,71.49097726540731,0.7419854947748183,-0.4882965068918294
2026-07-04 20:48:24,9950.23003178986,5084.073302044593,-115.9266979554007,66.1567297452666,0.7419854947748183,-0.4882965068918294
2026-07-04 20:48:36,9954.846452962593,5084.073302044593,-115.9266979554007,70.77315091799846,0.7419852460947118,-0.4883853817576413
2026-07-04 20:53:38,9949.792419657317,5084.073302044593,-115.9266979554007,65.71911761272167,0.7419852460947118,-0.4883853817576413
2026-07-04 20:53:50,9954.408840830049,5084.073302044593,-115.9266979554007,70.33553878545354,0.7419852460947118,-0.4884398194193826
2026-07-04 20:58:52,9949.957455520987,5084.073302044593,-115.9266979554007,65.8841534763933,0.7419852460947118,-0.4884398194193826
2026-07-04 20:59:06,9954.573876693716,5084.073302044593,-115.9266979554007,70.50057464912516,0.7419853704347563,-0.4884194676147333
2026-07-04 21:04:07,9949.988194739206,5084.073302044593,-115.9266979554007,65.91489269461181,0.7419853704347563,-0.4884194676147333
2026-07-04 21:04:20,9954.604615911936,5084.073302044593,-115.9266979554007,70.53131386734367,0.7419852460947118,-0.4884149385333647
2026-07-04 21:09:22,9950.444972024572,5084.073302044593,-115.9266979554007,66.37166997997883,0.7419852460947118,-0.4884149385333647
2026-07-04 21:09:36,9955.061393197304,5084.073302044593,-115.9266979554007,70.9880911527107,0.7419853704347563,-0.4883589802759875
2026-07-04 21:14:37,9950.471868840516,5084.073302044593,-115.9266979554007,66.3985667959214,0.7419853704347563,-0.4883589802759875
2026-07-04 21:14:50,9955.088290013246,5084.073302044593,-115.9266979554007,71.01498796865326,0.7419854947748183,-0.4883558598519171
2026-07-04 21:19:51,9948.675358341572,5084.073302044593,-115.9266979554007,64.60205629697884,0.7419854947748183,-0.4883558598519171
2026-07-04 21:20:05,9953.291779514304,5084.073302044593,-115.9266979554007,69.2184774697107,0.7419857434549959,-0.4885786188326571
2026-07-04 21:25:06,9947.631255810536,5084.073302044593,-115.9266979554007,63.55795376594142,0.7419857434549959,-0.4885786188326571
2026-07-04 21:25:19,9952.247676983268,5084.073302044593,-115.9266979554007,68.17437493867328,0.7419853704347563,-0.4887078913733593
2026-07-04 21:30:21,9947.2090132871,5084.073302044593,-115.9266979554007,63.13571124250666,0.7419853704347563,-0.4887078913733593
2026-07-04 21:30:34,9951.825434459832,5084.073302044593,-115.9266979554007,67.75213241523852,0.7419853704347563,-0.4887599386728116
2026-07-04 21:35:36,9948.22237659992,5084.073302044593,-115.9266979554007,64.14907455532466,0.7419853704347563,-0.4887599386728116
2026-07-04 21:35:49,9952.950133721566,5084.073302044593,-115.9266979554007,68.87683167697196,0.7419854947748183,-0.488620811128857
2026-07-04 21:40:51,9948.349082157943,5084.073302044593,-115.9266979554007,64.27578011335027,0.7419854947748183,-0.488620811128857
2026-07-04 21:41:04,9952.965503330675,5084.073302044593,-115.9266979554007,68.89220128608213,0.7419853704347563,-0.4886189300294683
2026-07-04 21:46:05,9948.967099763267,5084.073302044593,-115.9266979554007,64.89379771867516,0.7419853704347563,-0.4886189300294683
2026-07-04 21:46:18,9953.583520936,5084.073302044593,-115.9266979554007,69.51021889140702,0.7419854947748183,-0.488541854930121
2026-07-04 21:51:20,9948.729105114891,5084.073302044593,-115.9266979554007,64.65580307029813,0.7419854947748183,-0.488541854930121
2026-07-04 21:51:32,9953.345526287623,5084.073302044593,-115.9266979554007,69.27222424303,0.7419851217546853,-0.4885712847817578
2026-07-04 21:56:34,9948.775167083655,5084.073302044593,-115.9266979554007,64.70186503906189,0.7419851217546853,-0.4885712847817578
2026-07-04 21:56:47,9953.134381596625,5084.073302044593,-115.9266979554007,69.0610795520297,0.7419853704347563,-0.4885979354368783
2026-07-04 22:01:48,9948.230061404473,5084.073302044593,-115.9266979554007,64.15675935987929,0.7419853704347563,-0.4885979354368783
2026-07-04 22:02:01,9952.846482577204,5084.073302044593,-115.9266979554007,68.77318053261115,0.7419854947748183,-0.4886337948176156
2026-07-04 22:07:03,9948.218581056204,5084.073302044593,-115.9266979554007,64.14527901161182,0.7419854947748183,-0.4886337948176156
2026-07-04 22:07:15,9952.835002228938,5084.073302044593,-115.9266979554007,68.76170018434368,0.7419853704347563,-0.488635258182394
2026-07-04 22:12:17,9948.379774517598,5084.073302044593,-115.9266979554007,64.30647247300476,0.7419853704347563,-0.488635258182394
2026-07-04 22:12:29,9953.234190338706,5084.073302044593,-115.9266979554007,69.16088829411365,0.7419852460947118,-0.4885853063379641
2026-07-04 22:17:31,9949.078435712185,5084.073302044593,-115.9266979554007,65.0051336675906,0.7419852460947118,-0.4885853063379641
2026-07-04 22:17:42,9953.694856884917,5084.073302044593,-115.9266979554007,69.62155484032246,0.7419853704347563,-0.4885280730653178
2026-07-04 22:22:43,9949.492993431064,5084.073302044593,-115.9266979554007,65.41969138647073,0.7419853704347563,-0.4885280730653178
2026-07-04 22:22:54,9954.109414603796,5084.073302044593,-115.9266979554007,70.03611255920259,0.7419853704347563,-0.4884768382700233
2026-07-04 22:27:56,9949.61196732597,5084.073302044593,-115.9266979554007,65.53866528137769,0.7419853704347563,-0.4884768382700233
2026-07-04 22:28:07,9954.228388498705,5084.073302044593,-115.9266979554007,70.15508645410955,0.7419851217546853,-0.488461943473691
2026-07-04 22:33:09,9949.777050048206,5084.073302044593,-115.9266979554007,65.70374800361242,0.7419851217546853,-0.488461943473691
2026-07-04 22:33:21,9954.393471220936,5084.073302044593,-115.9266979554007,70.32016917634428,0.7419852460947118,-0.4884415371682704
2026-07-04 22:38:22,9949.558267411216,5084.073302044593,-115.9266979554007,65.48496536662242,0.7419852460947118,-0.4884415371682704
2026-07-04 22:38:34,9954.251442912366,5084.073302044593,-115.9266979554007,70.17814086777344,0.7419853704347563,-0.4884594374048716
2026-07-04 22:43:35,9949.527528192995,5084.073302044593,-115.9266979554007,65.454226148403,0.7419853704347563,-0.4884594374048716
2026-07-04 22:43:47,9954.143949365727,5084.073302044593,-115.9266979554007,70.07064732113486,0.7419854947748183,-0.4884724129100655
2026-07-04 22:48:49,9949.128340083224,5084.073302044593,-115.9266979554007,65.05503803863303,0.7419854947748183,-0.4884724129100655
2026-07-04 22:49:00,9953.74476125596,5084.073302044593,-115.9266979554007,69.67145921136489,0.7419853704347563,-0.4885223588051428
2026-07-04 22:54:01,9948.894140978562,5084.073302044593,-115.9266979554007,64.82083893396884,0.7419853704347563,-0.4885223588051428
2026-07-04 22:54:13,9953.510562151294,5084.073302044593,-115.9266979554007,69.4372601067007,0.7419853704347563,-0.4885509839916033
2026-07-04 22:59:14,9949.066908505352,5084.073302044593,-115.9266979554007,64.99360646075911,0.7419853704347563,-0.4885509839916033
2026-07-04 22:59:26,9953.683329678084,5084.073302044593,-115.9266979554007,69.61002763349097,0.7419852460947118,-0.4885300373694439
2026-07-04 23:04:27,9948.37593211532,5084.073302044593,-115.9266979554007,64.3026300707279,0.7419852460947118,-0.4885300373694439
2026-07-04 23:04:38,9952.992353288051,5084.073302044593,-115.9266979554007,68.91905124345976,0.7419856191148984,-0.4886154715954041
2026-07-04 23:09:40,9947.87309286119,5084.073302044593,-115.9266979554007,63.79979081659621,0.7419856191148984,-0.4886154715954041
2026-07-04 23:09:51,9952.48951403392,5084.073302044593,-115.9266979554007,68.41621198932808,0.7419854947748183,-0.4886779967004651
2026-07-04 23:14:53,9947.650420963357,5084.073302044593,-115.9266979554007,63.57711891876352,0.7419854947748183,-0.4886779967004651
2026-07-04 23:15:04,9952.266842136089,5084.073302044593,-115.9266979554007,68.19354009149538,0.7419853704347563,-0.4887053723127508
2026-07-04 23:20:06,9948.268438568684,5084.073302044593,-115.9266979554007,64.19513652408932,0.7419853704347563,-0.4887053723127508
2026-07-04 23:20:17,9952.59316517828,5084.073302044593,-115.9266979554007,68.51986313368889,0.7419852460947118,-0.4886646176134506
2026-07-04 23:25:18,9947.485385099686,5084.073302044593,-115.9266979554007,63.41208305509281,0.7419852460947118,-0.4886646176134506
2026-07-04 23:25:30,9952.101806272418,5084.073302044593,-115.9266979554007,68.02850422782467,0.7419853704347563,-0.4887255451282912
2026-07-04 23:30:31,9947.470015490577,5084.073302044593,-115.9266979554007,63.39671344598355,0.7419853704347563,-0.4887255451282912
2026-07-04 23:30:43,9952.086436663309,5084.073302044593,-115.9266979554007,68.01313461871541,0.7419853704347563,-0.4887276865073569
2026-07-04 23:35:44,9947.612043799149,5084.073302044593,-115.9266979554007,63.5387417545544,0.7419853704347563,-0.4887276865073569
2026-07-04 23:35:56,9952.22846497188,5084.073302044593,-115.9266979554007,68.15516292728626,0.7419854947748183,-0.4887102962293488
2026-07-04 23:40:57,9947.612043799149,5084.073302044593,-115.9266979554007,63.5387417545544,0.7419854947748183,-0.4887102962293488
2026-07-04 23:41:09,9952.22846497188,5084.073302044593,-115.9266979554007,68.15516292728626,0.7419853704347563,-0.4887102727922459
2026-07-04 23:46:10,9947.343356791116,5084.073302044593,-115.9266979554007,63.27005474652288,0.7419853704347563,-0.4887102727922459
2026-07-04 23:46:22,9951.959777963848,5084.073302044593,-115.9266979554007,67.88647591925474,0.7419854947748183,-0.488743488427001
2026-07-04 23:51:24,9947.082307729072,5084.073302044593,-115.9266979554007,63.00900568448105,0.7419854947748183,-0.488743488427001
2026-07-04 23:51:36,9951.698728901809,5084.073302044593,-115.9266979554007,67.62542685721291,0.7419851217546853,-0.488775430327113
2026-07-04 23:56:38,9947.06698497853,5084.073302044593,-115.9266979554007,62.993682933935816,0.7419851217546853,-0.488775430327113
2026-07-04 23:56:51,9951.68340615126,5084.073302044593,-115.9266979554007,67.61010410666768,0.7419854947748183,-0.4887778115037131
2026-07-05 00:01:52,9947.040088162586,5084.073302044593,-115.9266979554007,62.96678611799416,0.7419854947748183,-0.4887778115037131
2026-07-05 00:02:06,9951.65650933532,5084.073302044593,-115.9266979554007,67.58320729072602,0.7419853704347563,-0.4887812953286843
2026-07-05 00:07:07,9947.028560955754,5084.073302044593,-115.9266979554007,62.95525891116176,0.7419853704347563,-0.4887812953286843
2026-07-05 00:07:20,9951.644982128488,5084.073302044593,-115.9266979554007,67.57168008389363,0.7419852460947118,-0.4887824944614198
2026-07-05 00:12:22,9947.30877517062,5084.073302044593,-115.9266979554007,63.23547312602568,0.7419852460947118,-0.4887824944614198
2026-07-05 00:12:35,9951.92519634335,5084.073302044593,-115.9266979554007,67.85189429875754,0.7419854947748183,-0.4887478794251463
2026-07-05 00:17:36,9944.291599070137,5084.073302044593,-115.9266979554007,60.21829702554351,0.7419854947748183,-0.4887478794251463
2026-07-05 00:17:49,9949.698805374985,5084.073302044593,-115.9266979554007,65.62550333038962,0.7419853704347563,-0.4890235182661264
2026-07-05 00:22:51,9945.374125623948,5084.073302044593,-115.9266979554007,61.30082357935407,0.7419853704347563,-0.4890235182661264
2026-07-05 00:23:03,9949.990546796678,5084.073302044593,-115.9266979554007,65.91724475208594,0.7419851217546853,-0.4889872519404783
2026-07-05 00:28:04,9945.420187592712,5084.073302044593,-115.9266979554007,61.346885548118735,0.7419851217546853,-0.4889872519404783
2026-07-05 00:28:17,9950.036608765444,5084.073302044593,-115.9266979554007,65.9633067208506,0.7419852460947118,-0.4889813963513547
2026-07-05 00:33:18,9946.13801394012,5084.073302044593,-115.9266979554007,62.06471189552758,0.7419852460947118,-0.4889813963513547
2026-07-05 00:33:31,9950.754435112853,5084.073302044593,-115.9266979554007,66.68113306825944,0.7419856191148984,-0.4888931233552853
2026-07-05 00:38:32,9946.303049803792,5084.073302044593,-115.9266979554007,62.22974775919829,0.7419856191148984,-0.4888931233552853
2026-07-05 00:38:45,9950.919470976523,5084.073302044593,-115.9266979554007,66.84616893193015,0.7419852460947118,-0.4888723448758003
2026-07-05 00:43:46,9946.272357444135,5084.073302044593,-115.9266979554007,62.1990553995438,0.7419852460947118,-0.4888723448758003
2026-07-05 00:43:59,9950.9003058237,5084.073302044593,-115.9266979554007,66.82700377910714,0.7419852460947118,-0.4888746801538739
2026-07-05 00:49:01,9946.295411857802,5084.073302044593,-115.9266979554007,62.22210981320768,0.7419852460947118,-0.4888746801538739
2026-07-05 00:49:13,9950.911833030532,5084.073302044593,-115.9266979554007,66.83853098593954,0.7419854947748183,-0.488873497808767
2026-07-05 00:54:15,9945.842430116149,5084.073302044593,-115.9266979554007,61.769128071553496,0.7419854947748183,-0.488873497808767
2026-07-05 00:54:28,9950.45885128888,5084.073302044593,-115.9266979554007,66.38554924428536,0.7419854947748183,-0.4889294060662095
2026-07-05 00:59:29,9945.846272518424,5084.073302044593,-115.9266979554007,61.77297047383127,0.7419854947748183,-0.4889294060662095
2026-07-05 00:59:42,9950.788969874786,5084.073302044593,-115.9266979554007,66.7156678301917,0.7419853704347563,-0.4888891259725945
2026-07-05 01:04:43,9945.18987774889,5084.073302044593,-115.9266979554007,61.11657570429634,0.7419853704347563,-0.4888891259725945
2026-07-05 01:04:56,9949.80629892162,5084.073302044593,-115.9266979554007,65.7329968770282,0.7419852460947118,-0.489010506442092
2026-07-05 01:09:57,9944.894293924915,5084.073302044593,-115.9266979554007,60.82099188032316,0.7419852460947118,-0.489010506442092
2026-07-05 01:10:10,9949.510715097647,5084.073302044593,-115.9266979554007,65.43741305305502,0.7419852460947118,-0.4890467839118257
2026-07-05 01:15:12,9944.951883100512,5084.073302044593,-115.9266979554007,60.87858105591931,0.7419852460947118,-0.4890467839118257
2026-07-05 01:15:23,9949.568304273243,5084.073302044593,-115.9266979554007,65.49500222865117,0.7419854947748183,-0.4890401565017279
2026-07-05 01:20:24,9944.990260264723,5084.073302044593,-115.9266979554007,60.91695822012935,0.7419854947748183,-0.4890401565017279
2026-07-05 01:20:35,9949.606681437454,5084.073302044593,-115.9266979554007,65.5333793928612,0.7419853704347563,-0.4890349345644056
2026-07-05 01:25:36,9944.47968934747,5084.073302044593,-115.9266979554007,60.4063873028781,0.7419853704347563,-0.4890349345644056
2026-07-05 01:25:47,9949.096110520204,5084.073302044593,-115.9266979554007,65.02280847560996,0.7419853704347563,-0.489098812071872
2026-07-05 01:30:48,9944.610237307774,5084.073302044593,-115.9266979554007,60.53693526318148,0.7419853704347563,-0.489098812071872
2026-07-05 01:31:00,9949.226658480507,5084.073302044593,-115.9266979554007,65.15335643591334,0.7419853704347563,-0.4890824757069589
2026-07-05 01:36:02,9943.861671742146,5084.073302044593,-115.9266979554007,59.78836969755321,0.7419853704347563,-0.4890824757069589
2026-07-05 01:36:15,9948.478092914878,5084.073302044593,-115.9266979554007,64.40479087028507,0.7419856191148984,-0.4891751767405707
2026-07-05 01:41:16,9945.020952624378,5084.073302044593,-115.9266979554007,60.94765057978384,0.7419856191148984,-0.4891751767405707
2026-07-05 01:41:32,9949.637373797108,5084.073302044593,-115.9266979554007,65.5640717525157,0.7419853704347563,-0.4890314124419059
2026-07-05 01:46:34,9944.686991636194,5084.073302044593,-115.9266979554007,60.61368959160063,0.7419853704347563,-0.4890314124419059
2026-07-05 01:46:48,9949.303412808926,5084.073302044593,-115.9266979554007,65.2301107643325,0.7419854947748183,-0.4890732325835514
2026-07-05 01:51:49,9944.333818636624,5084.073302044593,-115.9266979554007,60.2605165920304,0.7419854947748183,-0.4890732325835514
2026-07-05 01:52:03,9948.950239809355,5084.073302044593,-115.9266979554007,64.87693776476226,0.7419854947748183,-0.4891167748195206
2026-07-05 01:57:04,9943.220646581722,5084.073302044593,-115.9266979554007,59.14734453712845,0.7419854947748183,-0.4891167748195206
2026-07-05 01:57:18,9947.837067754454,5084.073302044593,-115.9266979554007,63.76376570986031,0.7419852460947118,-0.4892552111425046
2026-07-05 02:02:19,9944.057446824036,5084.073302044593,-115.9266979554007,59.98414477944334,0.7419852460947118,-0.4892552111425046
2026-07-05 02:02:33,9948.673867996768,5084.073302044593,-115.9266979554007,64.6005659521752,0.7419854947748183,-0.4891509212768332
2026-07-05 02:07:34,9943.4816487852,5084.073302044593,-115.9266979554007,59.40834674060534,0.7419854947748183,-0.4891509212768332
2026-07-05 02:07:47,9948.09806995793,5084.073302044593,-115.9266979554007,64.0247679133372,0.7419853704347563,-0.4892221257189966
2026-07-05 02:12:49,9943.50854560114,5084.073302044593,-115.9266979554007,59.43524355654699,0.7419853704347563,-0.4892221257189966
2026-07-05 02:13:02,9948.124966773872,5084.073302044593,-115.9266979554007,64.05166472927885,0.7419853704347563,-0.489219007773944
2026-07-05 02:18:04,9942.022988535282,5084.073302044593,-115.9266979554007,57.94968649068778,0.7419853704347563,-0.489219007773944
2026-07-05 02:18:18,9946.639409708012,5084.073302044593,-115.9266979554007,62.56610766341964,0.7419856191148984,-0.4894037363476224
2026-07-05 02:23:19,9942.019146133003,5084.073302044593,-115.9266979554007,57.94584408841092,0.7419856191148984,-0.4894037363476224
2026-07-05 02:23:32,9946.635567305735,5084.073302044593,-115.9266979554007,62.562265261142784,0.7419853704347563,-0.4894038624488224
2026-07-05 02:28:34,9942.498977832036,5084.073302044593,-115.9266979554007,58.42567578744274,0.7419853704347563,-0.4894038624488224
2026-07-05 02:28:47,9947.115399004768,5084.073302044593,-115.9266979554007,63.04209696017461,0.7419854947748183,-0.4893446341752165
2026-07-05 02:33:49,9940.629555406951,5084.073302044593,-115.9266979554007,56.55625336235789,0.7419854947748183,-0.4893446341752165
2026-07-05 02:34:02,9945.245976579685,5084.073302044593,-115.9266979554007,61.17267453508976,0.7419853704347563,-0.4895757664272515
2026-07-05 02:39:04,9941.247573012275,5084.073302044593,-115.9266979554007,57.17427096768279,0.7419853704347563,-0.4895757664272515
2026-07-05 02:39:17,9945.863994185009,5084.073302044593,-115.9266979554007,61.79069214041465,0.7419851217546853,-0.4894989217844283
2026-07-05 02:44:19,9941.980768968797,5084.073302044593,-115.9266979554007,57.90746692420089,0.7419851217546853,-0.4894989217844283
2026-07-05 02:44:32,9946.597190141523,5084.073302044593,-115.9266979554007,62.52388809693275,0.7419854947748183,-0.489408943984154
2026-07-05 02:49:33,9941.593061207292,5084.073302044593,-115.9266979554007,57.51975916269839,0.7419854947748183,-0.489408943984154
2026-07-05 02:49:46,9946.209482380023,5084.073302044593,-115.9266979554007,62.136180335430254,0.7419852460947118,-0.4894563396395566
2026-07-05 02:54:48,9942.030626481272,5084.073302044593,-115.9266979554007,57.95732443667839,0.7419852460947118,-0.4894563396395566
2026-07-05 02:55:01,9946.647047654003,5084.073302044593,-115.9266979554007,62.57374560941025,0.7419851217546853,-0.4894021666295152
2026-07-05 03:00:03,9942.172701648407,5084.073302044593,-115.9266979554007,58.09939960381416,0.7419851217546853,-0.4894021666295152
2026-07-05 03:00:15,9946.78912282114,5084.073302044593,-115.9266979554007,62.715820776546025,0.7419853704347563,-0.4893847314467621
2026-07-05 03:05:17,9941.758097070962,5084.073302044593,-115.9266979554007,57.6847950263691,0.7419853704347563,-0.4893847314467621
2026-07-05 03:05:31,9946.374518243694,5084.073302044593,-115.9266979554007,62.30121619910096,0.7419853704347563,-0.4894358825106939
2026-07-05 03:10:32,9940.594973786454,5084.073302044593,-115.9266979554007,56.52167174186161,0.7419853704347563,-0.4894358825106939
2026-07-05 03:10:45,9945.211394959188,5084.073302044593,-115.9266979554007,61.13809291459347,0.7419852460947118,-0.4895801069036489
2026-07-05 03:15:46,9940.307074767035,5084.073302044593,-115.9266979554007,56.23377272244216,0.7419852460947118,-0.4895801069036489
2026-07-05 03:15:59,9944.923495939767,5084.073302044593,-115.9266979554007,60.850193895174016,0.7419853704347563,-0.4896164091956172
2026-07-05 03:21:01,9940.821488086563,5084.073302044593,-115.9266979554007,56.74818604197026,0.7419853704347563,-0.4896164091956172
2026-07-05 03:21:13,9945.437909259295,5084.073302044593,-115.9266979554007,61.36460721470212,0.7419852460947118,-0.4895520543214129
2026-07-05 03:26:15,9940.921296828648,5084.073302044593,-115.9266979554007,56.84799478405421,0.7419852460947118,-0.4895520543214129
2026-07-05 03:26:27,9945.537718001378,5084.073302044593,-115.9266979554007,61.46441595678607,0.7419856191148984,-0.4895402384326326
2026-07-05 03:31:29,9941.124709856527,5084.073302044593,-115.9266979554007,57.05140781193495,0.7419856191148984,-0.4895402384326326
2026-07-05 03:31:42,9945.74113102926,5084.073302044593,-115.9266979554007,61.66782898466681,0.7419852460947118,-0.4895146583266465
2026-07-05 03:36:44,9941.742727461851,5084.073302044593,-115.9266979554007,57.669425417259845,0.7419852460947118,-0.4895146583266465
2026-07-05 03:36:56,9946.359148634583,5084.073302044593,-115.9266979554007,62.285846589991706,0.7419853704347563,-0.4894380084371397
2026-07-05 03:41:58,9941.47404045382,5084.073302044593,-115.9266979554007,57.400738409227415,0.7419853704347563,-0.4894380084371397
2026-07-05 03:42:11,9946.090461626552,5084.073302044593,-115.9266979554007,62.01715958195928,0.7419852460947118,-0.4894712558286864
2026-07-05 03:47:12,9939.819605122017,5084.073302044593,-115.9266979554007,55.74630307742064,0.7419852460947118,-0.4894712558286864
2026-07-05 03:47:25,9944.436026294745,5084.073302044593,-115.9266979554007,60.362724250152496,0.7419854947748183,-0.4896763904812988
2026-07-05 03:52:27,9940.268697602827,5084.073302044593,-115.9266979554007,56.19539555823303,0.7419854947748183,-0.4896763904812988
2026-07-05 03:52:40,9944.885118775555,5084.073302044593,-115.9266979554007,60.81181673096489,0.7419852460947118,-0.4896207474125369
2026-07-05 03:57:41,9940.268697602827,5084.073302044593,-115.9266979554007,56.19539555823303,0.7419852460947118,-0.4896207474125369
2026-07-05 03:57:54,9944.885118775555,5084.073302044593,-115.9266979554007,60.81181673096489,0.7419853704347563,-0.4896207542751944
2026-07-05 04:02:55,9940.218793231785,5084.073302044593,-115.9266979554007,56.1454911871906,0.7419853704347563,-0.4896207542751944
2026-07-05 04:03:08,9944.835214404517,5084.073302044593,-115.9266979554007,60.76191235992246,0.7419856191148984,-0.4896273532021387
2026-07-05 04:08:10,9940.91745442637,5084.073302044593,-115.9266979554007,56.84415238177644,0.7419856191148984,-0.4896273532021387
2026-07-05 04:08:23,9945.533875599102,5084.073302044593,-115.9266979554007,61.4605735545083,0.7419852460947118,-0.4895403425370161
2026-07-05 04:13:24,9940.852180446218,5084.073302044593,-115.9266979554007,56.77887840162566,0.7419852460947118,-0.4895403425370161
2026-07-05 04:13:36,9945.649007091732,5084.073302044593,-115.9266979554007,61.57570504713749,0.7419854947748183,-0.4895263414990232
2026-07-05 04:18:38,9940.840653239386,5084.073302044593,-115.9266979554007,56.767351194793264,0.7419854947748183,-0.4895263414990232
2026-07-05 04:18:50,9945.45707441212,5084.073302044593,-115.9266979554007,61.383772367525125,0.7419854947748183,-0.489549955076842
2026-07-05 04:23:52,9939.92320940781,5084.073302044593,-115.9266979554007,55.84990736321743,0.7419854947748183,-0.489549955076842
2026-07-05 04:24:05,9944.539630580544,5084.073302044593,-115.9266979554007,60.46632853594929,0.7419853704347563,-0.4896636537979471
2026-07-05 11:59:14,9940.637240211505,5084.073302044593,-115.9266979554007,56.56393816691252,0.7419853704347563,-0.4896636537979471
2026-07-05 11:59:27,9945.25366138424,5084.073302044593,-115.9266979554007,61.18035933964438,0.7419853704347563,-0.4895749835213394
2026-07-05 12:04:29,9941.742727461851,5084.073302044593,-115.9266979554007,57.669425417259845,0.7419853704347563,-0.4895749835213394
2026-07-05 12:04:42,9946.359148634583,5084.073302044593,-115.9266979554007,62.285846589991706,0.7419853704347563,-0.4894382381570914
2026-07-05 12:09:44,9941.186141434402,5084.073302044593,-115.9266979554007,57.11283938980887,0.7419853704347563,-0.4894382381570914
2026-07-05 12:09:58,9945.802562607134,5084.073302044593,-115.9266979554007,61.72926056254073,0.7419853704347563,-0.4895068331977636
2026-07-05 12:15:00,9941.593061207292,5084.073302044593,-115.9266979554007,57.51975916269839,0.7419853704347563,-0.4895068331977636
2026-07-05 12:15:13,9946.209482380023,5084.073302044593,-115.9266979554007,62.136180335430254,0.7419854947748183,-0.4894568272645649
2026-07-05 12:20:15,9941.17461422757,5084.073302044593,-115.9266979554007,57.10131218297647,0.7419854947748183,-0.4894568272645649
2026-07-05 12:20:28,9945.791035400302,5084.073302044593,-115.9266979554007,61.71773335570833,0.7419852460947118,-0.4895083020704696
2026-07-05 12:25:30,9940.23800524317,5084.073302044593,-115.9266979554007,56.16470319857763,0.7419852460947118,-0.4895083020704696
2026-07-05 12:25:43,9944.854426415905,5084.073302044593,-115.9266979554007,60.78112437130949,0.7419852460947118,-0.4896246621589879
2026-07-05 12:30:45,9939.777338696962,5084.073302044593,-115.9266979554007,55.70403665236881,0.7419852460947118,-0.4896246621589879
2026-07-05 12:30:58,9944.393759869694,5084.073302044593,-115.9266979554007,60.32045782510068,0.7419853704347563,-0.4896820359653555
2026-07-05 12:36:00,9941.067167539495,5084.073302044593,-115.9266979554007,56.99386549490282,0.7419853704347563,-0.4896820359653555
2026-07-05 12:36:14,9945.683588712229,5084.073302044593,-115.9266979554007,61.61028666763468,0.7419854947748183,-0.4895218040318128
2026-07-05 12:41:15,9940.936619579192,5084.073302044593,-115.9266979554007,56.863317534599446,0.7419854947748183,-0.4895218040318128
2026-07-05 12:41:28,9945.553040751924,5084.073302044593,-115.9266979554007,61.47973870733131,0.7419853704347563,-0.4895374381716735
2026-07-05 12:46:30,9940.46063028244,5084.073302044593,-115.9266979554007,56.3873282378454,0.7419853704347563,-0.4895374381716735
2026-07-05 12:46:44,9945.07705145517,5084.073302044593,-115.9266979554007,61.00374941057726,0.7419854947748183,-0.489596922570626
2026-07-05 12:51:45,9940.698624930816,5084.073302044593,-115.9266979554007,56.62532288622242,0.7419854947748183,-0.489596922570626
2026-07-05 12:51:59,9945.315046103548,5084.073302044593,-115.9266979554007,61.24174405895428,0.7419854947748183,-0.4895670617801515
2026-07-05 12:57:01,9940.43762272734,5084.073302044593,-115.9266979554007,56.36432068274553,0.7419854947748183,-0.4895670617801515
2026-07-05 12:57:14,9945.05404390007,5084.073302044593,-115.9266979554007,60.98074185547739,0.7419853704347563,-0.4895998408470787
2026-07-05 13:02:16,9940.310917169314,5084.073302044593,-115.9266979554007,56.23761512471992,0.7419853704347563,-0.4895998408470787
2026-07-05 13:02:29,9944.927338342044,5084.073302044593,-115.9266979554007,60.854036297451785,0.7419854947748183,-0.4896156417789541
2026-07-05 13:07:31,9939.66989200889,5084.073302044593,-115.9266979554007,55.59658996429516,0.7419854947748183,-0.4896156417789541
2026-07-05 13:07:45,9944.28631318162,5084.073302044593,-115.9266979554007,60.213011137027024,0.7419854947748183,-0.4896952789908442
2026-07-05 13:12:46,9940.142038903365,5084.073302044593,-115.9266979554007,56.068736858771445,0.7419854947748183,-0.4896952789908442
2026-07-05 13:13:00,9944.758460076097,5084.073302044593,-115.9266979554007,60.685158031503306,0.7419854947748183,-0.4896365998830494
2026-07-05 13:18:02,9940.614185797842,5084.073302044593,-115.9266979554007,56.54088375324864,0.7419854947748183,-0.4896365998830494
2026-07-05 13:18:15,9945.230606970574,5084.073302044593,-115.9266979554007,61.1573049259805,0.7419852460947118,-0.4895778139345457
2026-07-05 13:23:17,9941.447190496445,5084.073302044593,-115.9266979554007,57.37388845185069,0.7419852460947118,-0.4895778139345457
2026-07-05 13:23:30,9946.063611669177,5084.073302044593,-115.9266979554007,61.99030962458255,0.7419856191148984,-0.4894751678858511
2026-07-05 13:28:32,9941.673657937989,5084.073302044593,-115.9266979554007,57.60035589339532,0.7419856191148984,-0.4894751678858511
2026-07-05 13:28:46,9946.29007911072,5084.073302044593,-115.9266979554007,62.21677706612718,0.7419854947748183,-0.4894465997273762
2026-07-05 13:33:48,9942.276305934203,5084.073302044593,-115.9266979554007,58.203003889610045,0.7419854947748183,-0.4894465997273762
2026-07-05 13:34:02,9946.892727106935,5084.073302044593,-115.9266979554007,62.81942506234191,0.7419852460947118,-0.4893718350916993
2026-07-05 13:39:04,9942.383799480842,5084.073302044593,-115.9266979554007,58.31049743624863,0.7419852460947118,-0.4893718350916993
2026-07-05 13:39:18,9947.000220653574,5084.073302044593,-115.9266979554007,62.926918608980486,0.7419853704347563,-0.4893588994305813
2026-07-05 13:44:19,9941.784993886904,5084.073302044593,-115.9266979554007,57.71169184231076,0.7419853704347563,-0.4893588994305813
2026-07-05 13:44:33,9946.401415059636,5084.073302044593,-115.9266979554007,62.32811301504262,0.7419852460947118,-0.4894328945808075
2026-07-05 13:49:34,9941.927022195476,5084.073302044593,-115.9266979554007,57.8537201508816,0.7419852460947118,-0.4894328945808075
2026-07-05 13:49:48,9946.543443368206,5084.073302044593,-115.9266979554007,62.47014132361346,0.7419852460947118,-0.4894148111783079
2026-07-05 13:54:49,9942.195709203508,5084.073302044593,-115.9266979554007,58.12240715891403,0.7419852460947118,-0.4894148111783079
2026-07-05 13:55:04,9946.812130376238,5084.073302044593,-115.9266979554007,62.73882833164589,0.7419853704347563,-0.4893818183041147
2026-07-05 14:00:06,9941.7120351022,5084.073302044593,-115.9266979554007,57.63873305760444,0.7419853704347563,-0.4893818183041147
2026-07-05 14:00:19,9946.328456274929,5084.073302044593,-115.9266979554007,62.2551542303363,0.7419853704347563,-0.4894416878505065
2026-07-05 14:05:21,9941.59690360957,5084.073302044593,-115.9266979554007,57.52360156497616,0.7419853704347563,-0.4894416878505065
2026-07-05 14:05:34,9946.2133247823,5084.073302044593,-115.9266979554007,62.14002273770802,0.7419853704347563,-0.4894560529153691
2026-07-05 14:10:36,9942.349264718909,5084.073302044593,-115.9266979554007,58.27596267431636,0.7419853704347563,-0.4894560529153691
2026-07-05 14:10:48,9946.965685891642,5084.073302044593,-115.9266979554007,62.89238384704822,0.7419854947748183,-0.4893625536316472
2026-07-05 14:15:50,9942.06136569949,5084.073302044593,-115.9266979554007,57.988063654897815,0.7419854947748183,-0.4893625536316472
2026-07-05 14:16:04,9946.677786872224,5084.073302044593,-115.9266979554007,62.60448482762968,0.7419853704347563,-0.4893984262525286
2026-07-05 14:21:05,9941.804159039726,5084.073302044593,-115.9266979554007,57.73085699513376,0.7419853704347563,-0.4893984262525286
2026-07-05 14:21:18,9946.908096716044,5084.073302044593,-115.9266979554007,62.83479467145207,0.7419853704347563,-0.4893701235921939
2026-07-05 14:26:20,9942.092058059145,5084.073302044593,-115.9266979554007,58.01875601455231,0.7419853704347563,-0.4893701235921939
2026-07-05 14:26:33,9946.708479231878,5084.073302044593,-115.9266979554007,62.63517718728417,0.7419854947748183,-0.4893950660004686
2026-07-05 14:31:34,9941.178456629848,5084.073302044593,-115.9266979554007,57.10515458525424,0.7419854947748183,-0.4893950660004686
2026-07-05 14:31:48,9945.794877802578,5084.073302044593,-115.9266979554007,61.7215757579861,0.7419854947748183,-0.4895082412245264
2026-07-05 14:36:50,9941.520102422586,5084.073302044593,-115.9266979554007,57.44680037799208,0.7419854947748183,-0.4895082412245264
2026-07-05 14:37:03,9945.856309380451,5084.073302044593,-115.9266979554007,61.78300733586002,0.7419854947748183,-0.489500230696636
2026-07-05 14:42:05,9941.8655906176,5084.073302044593,-115.9266979554007,57.79228857300768,0.7419854947748183,-0.489500230696636
2026-07-05 14:42:18,9946.597190141523,5084.073302044593,-115.9266979554007,62.52388809693275,0.7419852460947118,-0.4894085458603925
2026-07-05 14:47:20,9942.107427668256,5084.073302044593,-115.9266979554007,58.03412562366248,0.7419852460947118,-0.4894085458603925
2026-07-05 14:47:34,9946.723848840988,5084.073302044593,-115.9266979554007,62.65054679639434,0.7419853704347563,-0.4893930233727881
2026-07-05 14:52:37,9942.107427668256,5084.073302044593,-115.9266979554007,58.03412562366248,0.7419853704347563,-0.4893930233727881
2026-07-05 14:52:50,9946.616355294347,5084.073302044593,-115.9266979554007,62.54305324975576,0.7419854947748183,-0.4894059508014166
2026-07-05 14:57:52,9942.057523297211,5084.073302044593,-115.9266979554007,57.984221252620046,0.7419854947748183,-0.4894059508014166
2026-07-05 14:58:05,9946.673944469943,5084.073302044593,-115.9266979554007,62.60064242535191,0.7419854947748183,-0.4893989234122564
2026-07-05 15:03:07,9942.637163738327,5084.073302044593,-115.9266979554007,58.56386169373582,0.7419854947748183,-0.4893989234122564
2026-07-05 15:03:20,9946.7046368296,5084.073302044593,-115.9266979554007,62.63133478500731,0.7419854947748183,-0.4893951829890004
2026-07-05 15:08:21,9942.610266922387,5084.073302044593,-115.9266979554007,58.53696487779416,0.7419854947748183,-0.4893951829890004
2026-07-05 15:08:34,9947.22668809512,5084.073302044593,-115.9266979554007,63.15338605052602,0.7419854947748183,-0.4893306074836516
2026-07-05 15:13:36,9942.690910511648,5084.073302044593,-115.9266979554007,58.61760846705511,0.7419854947748183,-0.4893306074836516
2026-07-05 15:13:49,9947.30733168438,5084.073302044593,-115.9266979554007,63.23402963978697,0.7419852460947118,-0.4893203163713933
2026-07-05 15:18:51,9942.537354996246,5084.073302044593,-115.9266979554007,58.464052951651865,0.7419852460947118,-0.4893203163713933
2026-07-05 15:19:02,9947.153776168976,5084.073302044593,-115.9266979554007,63.08047412438373,0.7419853704347563,-0.489339339080854
2026-07-05 15:24:04,9942.468238613816,5084.073302044593,-115.9266979554007,58.39493656922332,0.7419853704347563,-0.489339339080854
2026-07-05 15:24:16,9947.08465978655,5084.073302044593,-115.9266979554007,63.01135774195518,0.7419856191148984,-0.4893512359206251
2026-07-05 15:29:18,9942.652533347438,5084.073302044593,-115.9266979554007,58.57923130284507,0.7419856191148984,-0.4893512359206251
2026-07-05 15:29:31,9947.26895452017,5084.073302044593,-115.9266979554007,63.195652475576935,0.7419853704347563,-0.4893287846773779
2026-07-05 15:34:33,9941.903967781813,5084.073302044593,-115.9266979554007,57.830665737217714,0.7419853704347563,-0.4893287846773779
2026-07-05 15:34:46,9946.677786872224,5084.073302044593,-115.9266979554007,62.60448482762968,0.7419853704347563,-0.4894009779412149
2026-07-05 15:39:47,9942.579574562733,5084.073302044593,-115.9266979554007,58.50627251813876,0.7419853704347563,-0.4894009779412149
2026-07-05 15:40:01,9947.464682743495,5084.073302044593,-115.9266979554007,63.39138069890305,0.7419856191148984,-0.4893045022020437
2026-07-05 15:45:03,9943.017186695277,5084.073302044593,-115.9266979554007,58.943884650683685,0.7419856191148984,-0.4893045022020437
2026-07-05 15:45:16,9947.633607868009,5084.073302044593,-115.9266979554007,63.56030582341555,0.7419853704347563,-0.4892844130394735
2026-07-05 15:50:18,9942.79835719972,5084.073302044593,-115.9266979554007,58.72505515512876,0.7419853704347563,-0.4892844130394735
2026-07-05 15:50:32,9947.414778372457,5084.073302044593,-115.9266979554007,63.34147632786062,0.7419854947748183,-0.4893110379377889
2026-07-05 15:55:33,9942.825254015665,5084.073302044593,-115.9266979554007,58.75195197107132,0.7419854947748183,-0.4893110379377889
2026-07-05 15:55:47,9947.441675188396,5084.073302044593,-115.9266979554007,63.36837314380318,0.7419853704347563,-0.4893076581117883
2026-07-05 16:00:49,9943.723485835852,5084.073302044593,-115.9266979554007,59.65018379126013,0.7419853704347563,-0.4893076581117883
2026-07-05 16:01:02,9948.339907008583,5084.073302044593,-115.9266979554007,64.266604963992,0.7419853704347563,-0.4891977283483359
2026-07-05 16:06:04,9945.024795026657,5084.073302044593,-115.9266979554007,60.95149298206161,0.7419853704347563,-0.4891977283483359
2026-07-05 16:06:18,9949.641216199389,5084.073302044593,-115.9266979554007,65.56791415479347,0.7419853704347563,-0.4890380651911361
2026-07-05 16:11:19,9944.848231956152,5084.073302044593,-115.9266979554007,60.7749299115585,0.7419853704347563,-0.4890380651911361
2026-07-05 16:11:31,9949.464653128884,5084.073302044593,-115.9266979554007,65.39135108429036,0.7419852460947118,-0.4890595418772552
2026-07-05 16:16:33,9944.752265616346,5084.073302044593,-115.9266979554007,60.67896357175232,0.7419852460947118,-0.4890595418772552
2026-07-05 16:16:44,9949.368686789076,5084.073302044593,-115.9266979554007,65.29538474448418,0.7419856191148984,-0.4890715143708268
2026-07-05 16:21:46,9944.77911557372,5084.073302044593,-115.9266979554007,60.705813529129045,0.7419856191148984,-0.4890715143708268
2026-07-05 16:21:58,9949.046206149162,5084.073302044593,-115.9266979554007,64.97290410456844,0.7419853704347563,-0.489110754663854
2026-07-05 16:27:00,9944.556490534454,5084.073302044593,-115.9266979554007,60.48318848986219,0.7419853704347563,-0.489110754663854
2026-07-05 16:27:13,9949.172911707188,5084.073302044593,-115.9266979554007,65.09960966259405,0.7419853704347563,-0.4890955817055458
2026-07-05 16:32:15,9944.982575460168,5084.073302044593,-115.9266979554007,60.90927341557472,0.7419853704347563,-0.4890955817055458
2026-07-05 16:32:28,9949.5989966329,5084.073302044593,-115.9266979554007,65.52569458830658,0.7419852460947118,-0.4890430680341331
2026-07-05 16:37:30,9945.466249561476,5084.073302044593,-115.9266979554007,61.3929475168834,0.7419852460947118,-0.4890430680341331
2026-07-05 16:37:43,9949.840833683553,5084.073302044593,-115.9266979554007,65.76753163896046,0.7419853704347563,-0.4890137353887687
2026-07-05 16:42:45,9943.685108671643,5084.073302044593,-115.9266979554007,59.6118066270501,0.7419853704347563,-0.4890137353887687
2026-07-05 16:42:59,9948.174871144916,5084.073302044593,-115.9266979554007,64.10156910032129,0.7419852460947118,-0.4892177956579291
2026-07-05 16:48:00,9944.237852296816,5084.073302044593,-115.9266979554007,60.16455025222422,0.7419852460947118,-0.4892177956579291
2026-07-05 16:48:13,9948.85427346955,5084.073302044593,-115.9266979554007,64.78097142495608,0.7419854947748183,-0.4891344948237914
2026-07-05 16:53:15,9944.376085061676,5084.073302044593,-115.9266979554007,60.30278301708131,0.7419854947748183,-0.4891344948237914
2026-07-05 16:53:28,9948.992506234406,5084.073302044593,-115.9266979554007,64.91920418981317,0.7419852460947118,-0.4891179020031895
2026-07-05 16:58:30,9944.579498089555,5084.073302044593,-115.9266979554007,60.50619604496205,0.7419852460947118,-0.4891179020031895
2026-07-05 16:58:45,9949.195919262287,5084.073302044593,-115.9266979554007,65.12261721769391,0.7419851217546853,-0.4890924887487269
2026-07-05 17:03:47,9945.139973377847,5084.073302044593,-115.9266979554007,61.06667133325482,0.7419851217546853,-0.4890924887487269
2026-07-05 17:04:00,9949.75639455058,5084.073302044593,-115.9266979554007,65.68309250598668,0.7419854947748183,-0.4890239844298427
2026-07-05 17:09:02,9944.560332936731,5084.073302044593,-115.9266979554007,60.487030892139046,0.7419854947748183,-0.4890239844298427
2026-07-05 17:09:15,9949.176754109463,5084.073302044593,-115.9266979554007,65.10345206487091,0.7419852460947118,-0.4890949995804361
2026-07-05 17:14:17,9944.982575460168,5084.073302044593,-115.9266979554007,60.90927341557472,0.7419852460947118,-0.4890949995804361
2026-07-05 17:14:31,9949.5989966329,5084.073302044593,-115.9266979554007,65.52569458830658,0.7419852460947118,-0.4890433354803898
2026-07-05 17:19:33,9944.406777421327,5084.073302044593,-115.9266979554007,60.33347537673672,0.7419852460947118,-0.4890433354803898
2026-07-05 17:19:46,9949.023198594065,5084.073302044593,-115.9266979554007,64.94989654946858,0.7419853704347563,-0.4891138151757417
2026-07-05 17:24:48,9944.376085061676,5084.073302044593,-115.9266979554007,60.30278301708131,0.7419853704347563,-0.4891138151757417
2026-07-05 17:25:01,9948.992506234406,5084.073302044593,-115.9266979554007,64.91920418981317,0.7419853704347563,-0.4891173412842822
2026-07-05 17:30:03,9943.708163085308,5084.073302044593,-115.9266979554007,59.634861040714895,0.7419853704347563,-0.4891173412842822
2026-07-05 17:30:17,9948.32458425804,5084.073302044593,-115.9266979554007,64.25128221344676,0.7419852460947118,-0.4891994562392066
2026-07-05 17:35:19,9944.049762019482,5084.073302044593,-115.9266979554007,59.97645997488871,0.7419852460947118,-0.4891994562392066
2026-07-05 17:35:33,9948.478092914878,5084.073302044593,-115.9266979554007,64.40479087028507,0.7419853704347563,-0.4891805939434173
2026-07-05 17:40:35,9943.63904670288,5084.073302044593,-115.9266979554007,59.56574465828635,0.7419853704347563,-0.4891805939434173
2026-07-05 17:40:48,9948.255467875611,5084.073302044593,-115.9266979554007,64.18216583101821,0.7419854947748183,-0.4892076696202383
2026-07-05 17:45:50,9943.7158010313,5084.073302044593,-115.9266979554007,59.64249898670551,0.7419854947748183,-0.4892076696202383
2026-07-05 17:46:04,9948.33222220403,5084.073302044593,-115.9266979554007,64.25892015943737,0.7419853704347563,-0.4891988590543441
2026-07-05 17:51:05,9943.8463489916,5084.073302044593,-115.9266979554007,59.77304694700797,0.7419853704347563,-0.4891988590543441
2026-07-05 17:51:19,9948.462770164331,5084.073302044593,-115.9266979554007,64.38946811973983,0.7419852460947118,-0.4891824926972687
2026-07-05 17:56:20,9943.87319894898,5084.073302044593,-115.9266979554007,59.799896904385605,0.7419852460947118,-0.4891824926972687
2026-07-05 17:56:33,9948.48962012171,5084.073302044593,-115.9266979554007,64.41631807711747,0.7419852460947118,-0.4891788883272405
2026-07-05 18:01:34,9944.541120925343,5084.073302044593,-115.9266979554007,60.46781888075202,0.7419852460947118,-0.4891788883272405
2026-07-05 18:01:48,9949.157542098075,5084.073302044593,-115.9266979554007,65.08424005348388,0.7419854947748183,-0.4890972659131258
2026-07-05 18:06:49,9945.308851643797,5084.073302044593,-115.9266979554007,61.235549599203296,0.7419854947748183,-0.4890972659131258
2026-07-05 18:07:03,9949.591311828344,5084.073302044593,-115.9266979554007,65.51800978375104,0.7419851217546853,-0.4890438494846563
2026-07-05 18:12:04,9945.274316881863,5084.073302044593,-115.9266979554007,61.20101483727103,0.7419851217546853,-0.4890438494846563
2026-07-05 18:12:17,9949.890738054595,5084.073302044593,-115.9266979554007,65.8174360100029,0.7419852460947118,-0.4890073808351152
2026-07-05 18:17:19,9945.243624522209,5084.073302044593,-115.9266979554007,61.17032247761563,0.7419852460947118,-0.4890073808351152
2026-07-05 18:17:33,9949.802456519345,5084.073302044593,-115.9266979554007,65.72915447475134,0.7419853704347563,-0.4890184610474435
2026-07-05 18:22:35,9945.489257116576,5084.073302044593,-115.9266979554007,61.41595507198326,0.7419853704347563,-0.4890184610474435
2026-07-05 18:22:47,9950.105678289308,5084.073302044593,-115.9266979554007,66.03237624471512,0.7419852460947118,-0.4889806422859684
2026-07-05 18:27:49,9946.21476826854,5084.073302044593,-115.9266979554007,62.141466223946736,0.7419852460947118,-0.4889806422859684
2026-07-05 18:28:01,9950.831189441273,5084.073302044593,-115.9266979554007,66.7578873966786,0.7419853704347563,-0.48889241559342
2026-07-05 18:33:03,9946.180233506608,5084.073302044593,-115.9266979554007,62.10693146201447,0.7419853704347563,-0.48889241559342
2026-07-05 18:33:16,9950.911833030532,5084.073302044593,-115.9266979554007,66.83853098593954,0.7419853704347563,-0.4888827619407447
2026-07-05 18:38:18,9946.828943471588,5084.073302044593,-115.9266979554007,62.75564142699477,0.7419853704347563,-0.4888827619407447
2026-07-05 18:38:31,9951.44536464432,5084.073302044593,-115.9266979554007,67.37206259972663,0.7419852460947118,-0.4888172780469173
2026-07-05 18:43:33,9946.66006520564,5084.073302044593,-115.9266979554007,62.58676316104629,0.7419852460947118,-0.4888172780469173
2026-07-05 18:43:46,9950.892621019146,5084.073302044593,-115.9266979554007,66.81931897455252,0.7419851217546853,-0.488884626848667
2026-07-05 18:48:48,9946.544886854446,5084.073302044593,-115.9266979554007,62.47158480985309,0.7419851217546853,-0.488884626848667
2026-07-05 18:49:00,9951.161308027178,5084.073302044593,-115.9266979554007,67.08800598258495,0.7419853704347563,-0.4888523727262459
2026-07-05 18:54:01,9945.811737756492,5084.073302044593,-115.9266979554007,61.738435711899,0.7419853704347563,-0.4888523727262459
2026-07-05 18:54:13,9950.428158929224,5084.073302044593,-115.9266979554007,66.35485688463086,0.7419853704347563,-0.4889415625566342
2026-07-05 18:59:15,9946.203287920272,5084.073302044593,-115.9266979554007,62.12998587567927,0.7419853704347563,-0.4889415625566342
2026-07-05 18:59:27,9950.819709093004,5084.073302044593,-115.9266979554007,66.74640704841113,0.7419854947748183,-0.4888937395855166
2026-07-05 19:04:29,9946.42591295954,5084.073302044593,-115.9266979554007,62.352610914946126,0.7419854947748183,-0.4888937395855166
2026-07-05 19:04:40,9951.042334132271,5084.073302044593,-115.9266979554007,66.96903208767799,0.7419852460947118,-0.4888665339883915
2026-07-05 19:09:41,9945.942238858232,5084.073302044593,-115.9266979554007,61.86893681363745,0.7419852460947118,-0.4888665339883915
2026-07-05 19:09:53,9950.558660030962,5084.073302044593,-115.9266979554007,66.48535798636931,0.7419853704347563,-0.4889261061720498
2026-07-05 19:14:55,9945.942238858232,5084.073302044593,-115.9266979554007,61.86893681363745,0.7419853704347563,-0.4889261061720498
2026-07-05 19:15:07,9950.558660030962,5084.073302044593,-115.9266979554007,66.48535798636931,0.7419856191148984,-0.4889256958341215
2026-07-05 19:20:08,9946.218610670818,5084.073302044593,-115.9266979554007,62.145308626224505,0.7419856191148984,-0.4889256958341215
2026-07-05 19:20:20,9950.812024288449,5084.073302044593,-115.9266979554007,66.73872224385559,0.7419854947748183,-0.4888950552336755
2026-07-05 19:25:22,9946.164863897498,5084.073302044593,-115.9266979554007,62.091561852905215,0.7419854947748183,-0.4888950552336755
2026-07-05 19:25:34,9950.78128507023,5084.073302044593,-115.9266979554007,66.70798302563708,0.7419854947748183,-0.488898767830958
2026-07-05 19:30:36,9946.376008588495,5084.073302044593,-115.9266979554007,62.302706543904605,0.7419854947748183,-0.488898767830958
2026-07-05 19:30:47,9950.99242976123,5084.073302044593,-115.9266979554007,66.91912771663647,0.7419854947748183,-0.4888726671816699
2026-07-05 19:35:49,9946.107321580464,5084.073302044593,-115.9266979554007,62.034019535872176,0.7419854947748183,-0.4888726671816699
2026-07-05 19:36:01,9950.723742753198,5084.073302044593,-115.9266979554007,66.65044070860404,0.7419853704347563,-0.4889056797661255
2026-07-05 19:41:02,9946.249349889036,5084.073302044593,-115.9266979554007,62.17604784444302,0.7419853704347563,-0.4889056797661255
2026-07-05 19:41:14,9951.272643976094,5084.073302044593,-115.9266979554007,67.19934193150038,0.7419852460947118,-0.4888381712652048
2026-07-05 19:46:16,9946.349111772555,5084.073302044593,-115.9266979554007,62.27580972796295,0.7419852460947118,-0.4888381712652048
2026-07-05 19:46:28,9950.965532945287,5084.073302044593,-115.9266979554007,66.89223090069481,0.7419851217546853,-0.4888755731178928
2026-07-05 19:51:29,9946.825147927872,5084.073302044593,-115.9266979554007,62.75184588328102,0.7419851217546853,-0.4888755731178928
2026-07-05 19:51:41,9951.441569100609,5084.073302044593,-115.9266979554007,67.36826705601288,0.7419854947748183,-0.4888173504322177
2026-07-05 19:56:43,9946.955649029613,5084.073302044593,-115.9266979554007,62.88234698501947,0.7419854947748183,-0.4888173504322177
2026-07-05 19:56:55,9951.572070202345,5084.073302044593,-115.9266979554007,67.49876815775133,0.7419852460947118,-0.4888011904639107
2026-07-05 20:01:57,9946.656222803362,5084.073302044593,-115.9266979554007,62.58292075876852,0.7419852460947118,-0.4888011904639107
2026-07-05 20:02:09,9951.272643976094,5084.073302044593,-115.9266979554007,67.19934193150038,0.7419852460947118,-0.4888379919977641
2026-07-05 20:07:10,9946.686915163016,5084.073302044593,-115.9266979554007,62.61361311842302,0.7419852460947118,-0.4888379919977641
2026-07-05 20:07:22,9951.303336335748,5084.073302044593,-115.9266979554007,67.23003429115488,0.7419853704347563,-0.4888346864471422
2026-07-05 20:12:24,9946.844313080695,5084.073302044593,-115.9266979554007,62.77101103610403,0.7419853704347563,-0.4888346864471422
2026-07-05 20:12:36,9951.46073425343,5084.073302044593,-115.9266979554007,67.38743220883589,0.7419853704347563,-0.4888154539906577
2026-07-05 20:17:38,9947.381733955324,5084.073302044593,-115.9266979554007,63.308431910732,0.7419853704347563,-0.4888154539906577
2026-07-05 20:17:52,9951.936723550183,5084.073302044593,-115.9266979554007,67.86342150558994,0.7419856191148984,-0.4887569040649639
2026-07-05 20:22:54,9947.089992533629,5084.073302044593,-115.9266979554007,63.01669048903568,0.7419856191148984,-0.4887569040649639
2026-07-05 20:23:07,9951.70641370636,5084.073302044593,-115.9266979554007,67.63311166176754,0.7419853704347563,-0.4887852967862134
2026-07-05 20:28:09,9945.95760846734,5084.073302044593,-115.9266979554007,61.884306422746704,0.7419853704347563,-0.4887852967862134
2026-07-05 20:28:22,9950.574029640073,5084.073302044593,-115.9266979554007,66.50072759547857,0.7419853704347563,-0.4889237698972395
2026-07-05 20:33:23,9946.56794126811,5084.073302044593,-115.9266979554007,62.49463922351697,0.7419853704347563,-0.4889237698972395
2026-07-05 20:33:37,9951.184362440845,5084.073302044593,-115.9266979554007,67.11106039624883,0.7419852460947118,-0.4888494713398659
2026-07-05 20:38:38,9946.594791225489,5084.073302044593,-115.9266979554007,62.521489180894605,0.7419852460947118,-0.4888494713398659
2026-07-05 20:39:02,9951.21121239822,5084.073302044593,-115.9266979554007,67.13791035362647,0.7419853704347563,-0.5412849285411527
2026-07-05 20:44:03,9946.544886854446,5084.073302044593,-115.9266979554007,62.47158480985309,0.7419853704347563,-0.5412849285411527
2026-07-05 20:44:17,9951.161308027178,5084.073302044593,-115.9266979554007,67.08800598258495,0.7419852460947118,-0.4888520071393993
2026-07-05 20:49:18,9946.89421745174,5084.073302044593,-115.9266979554007,62.82091540714555,0.7419852460947118,-0.4888520071393993
2026-07-05 20:49:30,9951.51063862447,5084.073302044593,-115.9266979554007,67.43733657987741,0.7419851217546853,-0.488809176443753
2026-07-05 20:54:32,9946.456605319196,5084.073302044593,-115.9266979554007,62.38330327460153,0.7419851217546853,-0.488809176443753
2026-07-05 20:54:46,9951.073026491926,5084.073302044593,-115.9266979554007,66.99972444733339,0.7419852460947118,-0.488862848406965
2026-07-05 20:59:48,9946.360638979388,5084.073302044593,-115.9266979554007,62.28733693479444,0.7419852460947118,-0.488862848406965
2026-07-05 21:00:02,9951.249636420996,5084.073302044593,-115.9266979554007,67.17633437640052,0.7419856191148984,-0.4888412442402718
2026-07-05 21:05:03,9946.51419449479,5084.073302044593,-115.9266979554007,62.44089245019768,0.7419856191148984,-0.4888412442402718
2026-07-05 21:05:16,9951.130615667524,5084.073302044593,-115.9266979554007,67.05731362292954,0.7419852460947118,-0.4888557226711196
2026-07-05 21:10:18,9946.625530443707,5084.073302044593,-115.9266979554007,62.55222839911403,0.7419852460947118,-0.4888557226711196
2026-07-05 21:10:31,9951.24195161644,5084.073302044593,-115.9266979554007,67.16864957184589,0.7419851217546853,-0.4888417600670123
2026-07-05 21:15:33,9946.70996957668,5084.073302044593,-115.9266979554007,62.63666753208781,0.7419851217546853,-0.4888417600670123
2026-07-05 21:15:47,9951.326390749413,5084.073302044593,-115.9266979554007,67.25308870481967,0.7419852460947118,-0.4888319512269152
2026-07-05 21:20:49,9945.665867045644,5084.073302044593,-115.9266979554007,61.59256500105039,0.7419852460947118,-0.4888319512269152
2026-07-05 21:21:03,9950.566344835515,5084.073302044593,-115.9266979554007,66.49304279092394,0.7419853704347563,-0.4889245118214693
2026-07-05 21:26:04,9945.719613818965,5084.073302044593,-115.9266979554007,61.64631177436968,0.7419853704347563,-0.4889245118214693
2026-07-05 21:26:17,9950.336034991697,5084.073302044593,-115.9266979554007,66.26273294710154,0.7419852460947118,-0.4889528429593612
2026-07-05 21:31:18,9945.51231153024,5084.073302044593,-115.9266979554007,61.43900948564806,0.7419852460947118,-0.4889528429593612
2026-07-05 21:31:31,9950.128732702971,5084.073302044593,-115.9266979554007,66.05543065837992,0.7419853704347563,-0.4889782964293316
2026-07-05 21:36:33,9945.258947272754,5084.073302044593,-115.9266979554007,61.18564522816087,0.7419853704347563,-0.4889782964293316
2026-07-05 21:36:46,9949.760236952858,5084.073302044593,-115.9266979554007,65.68693490826354,0.7419854947748183,-0.4890235598894816
2026-07-05 21:41:47,9945.366440819393,5084.073302044593,-115.9266979554007,61.293138774799445,0.7419854947748183,-0.4890235598894816
2026-07-05 21:42:00,9949.982861992125,5084.073302044593,-115.9266979554007,65.9095599475313,0.7419854947748183,-0.4889965859867446
2026-07-05 21:47:02,9945.374125623948,5084.073302044593,-115.9266979554007,61.30082357935407,0.7419854947748183,-0.4889965859867446
2026-07-05 21:47:14,9950.048135972276,5084.073302044593,-115.9266979554007,65.974833927683,0.7419854947748183,-0.4889884072650836
2026-07-05 21:52:15,9945.562215901282,5084.073302044593,-115.9266979554007,61.48891385668958,0.7419854947748183,-0.4889884072650836
2026-07-05 21:52:27,9950.178637074016,5084.073302044593,-115.9266979554007,66.10533502942144,0.7419854947748183,-0.4889728518594338
2026-07-05 21:57:29,9945.638970229702,5084.073302044593,-115.9266979554007,61.565668185108734,0.7419854947748183,-0.4889728518594338
2026-07-05 21:57:41,9949.871526043207,5084.073302044593,-115.9266979554007,65.79822399861587,0.7419852460947118,-0.4890097746596842
2026-07-05 22:02:43,9944.19563273033,5084.073302044593,-115.9266979554007,60.122330685736415,0.7419852460947118,-0.4890097746596842
2026-07-05 22:02:55,9948.81205390306,5084.073302044593,-115.9266979554007,64.73875185846828,0.7419856191148984,-0.4891400989890284
2026-07-05 22:07:57,9942.890527995816,5084.073302044593,-115.9266979554007,58.8172259512221,0.7419856191148984,-0.4891400989890284
2026-07-05 22:08:10,9947.506949168546,5084.073302044593,-115.9266979554007,63.43364712395396,0.7419852460947118,-0.4892998787309386
2026-07-05 22:13:12,9943.85782933987,5084.073302044593,-115.9266979554007,59.78452729527635,0.7419852460947118,-0.4892998787309386
2026-07-05 22:13:25,9948.370646226806,5084.073302044593,-115.9266979554007,64.29734418221142,0.7419854947748183,-0.4891944125506218
2026-07-05 22:18:27,9943.800287022836,5084.073302044593,-115.9266979554007,59.72698497824331,0.7419854947748183,-0.4891944125506218
2026-07-05 22:18:39,9948.416708195567,5084.073302044593,-115.9266979554007,64.34340615097517,0.7419852460947118,-0.4891880531565991
2026-07-05 22:23:41,9946.068897557692,5084.073302044593,-115.9266979554007,61.99559551309903,0.7419852460947118,-0.4891880531565991
2026-07-05 22:23:54,9950.685318730424,5084.073302044593,-115.9266979554007,66.6120166858309,0.7419852460947118,-0.4889102891597114
2026-07-05 22:28:56,9945.412502788156,5084.073302044593,-115.9266979554007,61.339200743564106,0.7419852460947118,-0.4889102891597114
2026-07-05 22:29:09,9950.02892396089,5084.073302044593,-115.9266979554007,65.95562191629597,0.7419853704347563,-0.488990582755044
2026-07-05 22:34:11,9945.857799725258,5084.073302044593,-115.9266979554007,61.78449768066366,0.7419853704347563,-0.488990582755044
2026-07-05 22:34:24,9950.474220897988,5084.073302044593,-115.9266979554007,66.40091885339552,0.7419853704347563,-0.4889361873419886
2026-07-05 22:39:26,9945.473934366031,5084.073302044593,-115.9266979554007,61.400632321438025,0.7419853704347563,-0.4889361873419886
2026-07-05 22:39:40,9950.090355538763,5084.073302044593,-115.9266979554007,66.01705349416989,0.7419852460947118,-0.4889831026709306
2026-07-05 22:44:42,9946.11111712418,5084.073302044593,-115.9266979554007,62.037815079585926,0.7419852460947118,-0.4889831026709306
2026-07-05 22:44:55,9950.727538296913,5084.073302044593,-115.9266979554007,66.65423625231779,0.7419854947748183,-0.4889048804679057
2026-07-05 22:49:57,9945.95760846734,5084.073302044593,-115.9266979554007,61.884306422746704,0.7419854947748183,-0.4889048804679057
2026-07-05 22:50:10,9950.574029640073,5084.073302044593,-115.9266979554007,66.50072759547857,0.7419853704347563,-0.488923888074745
2026-07-05 22:55:12,9946.537248908457,5084.073302044593,-115.9266979554007,62.46394686386248,0.7419853704347563,-0.488923888074745
2026-07-05 22:55:26,9951.675721346706,5084.073302044593,-115.9266979554007,67.60241930211305,0.7419851217546853,-0.4887885471012922
2026-07-05 23:00:28,9947.251232853589,5084.073302044593,-115.9266979554007,63.17793080899355,0.7419851217546853,-0.4887885471012922
2026-07-05 23:00:42,9951.86765402632,5084.073302044593,-115.9266979554007,67.79435198172541,0.7419853704347563,-0.4887657080814742
2026-07-05 23:05:43,9947.07462292452,5084.073302044593,-115.9266979554007,63.001320879926425,0.7419853704347563,-0.4887657080814742
2026-07-05 23:05:57,9951.691044097252,5084.073302044593,-115.9266979554007,67.61774205265829,0.7419852460947118,-0.4887871210132364
2026-07-05 23:10:59,9947.9114700254,5084.073302044593,-115.9266979554007,63.83816798080534,0.7419852460947118,-0.4887871210132364
2026-07-05 23:11:12,9952.393547694115,5084.073302044593,-115.9266979554007,68.3202456495219,0.7419853704347563,-0.4887011363847626
2026-07-05 23:16:14,9948.656146330184,5084.073302044593,-115.9266979554007,64.58284428559182,0.7419853704347563,-0.4887011363847626
2026-07-05 23:16:28,9953.272567502918,5084.073302044593,-115.9266979554007,69.19926545832368,0.7419854947748183,-0.4885933517454757
2026-07-05 23:21:30,9951.335565898771,5084.073302044593,-115.9266979554007,67.26226385417795,0.7419854947748183,-0.4885933517454757
2026-07-05 23:21:43,9955.951987071505,5084.073302044593,-115.9266979554007,71.8786850269098,0.7419853704347563,-0.4882653193629138
2026-07-05 23:26:44,9951.135948414603,5084.073302044593,-115.9266979554007,67.06264637001004,0.7419853704347563,-0.4882653193629138
2026-07-05 23:26:57,9955.752369587335,5084.073302044593,-115.9266979554007,71.6790675427419,0.7419853704347563,-0.4882897218874225
2026-07-05 23:31:59,9952.732794570817,5084.073302044593,-115.9266979554007,68.65949252622158,0.7419853704347563,-0.4882897218874225
2026-07-05 23:32:12,9957.349215743548,5084.073302044593,-115.9266979554007,73.27591369895345,0.7419849974146764,-0.4880938285399823
2026-07-05 23:37:14,9950.364375293875,5084.073302044593,-115.9266979554007,66.29107324928282,0.7419849974146764,-0.4880938285399823
2026-07-05 23:37:27,9954.980796466609,5084.073302044593,-115.9266979554007,70.90749442201468,0.7419853704347563,-0.4883840980003056
2026-07-05 23:42:29,9948.940202947328,5084.073302044593,-115.9266979554007,64.8669009027335,0.7419853704347563,-0.4883840980003056
2026-07-05 23:42:42,9953.556624120058,5084.073302044593,-115.9266979554007,69.48332207546537,0.7419854947748183,-0.4885584757829821
2026-07-05 23:47:44,9948.372089713044,5084.073302044593,-115.9266979554007,64.29878766845013,0.7419854947748183,-0.4885584757829821
2026-07-05 23:47:57,9953.483712193916,5084.073302044593,-115.9266979554007,69.41041014932307,0.7419854947748183,-0.4885676886851322
2026-07-05 23:52:59,9948.011278767484,5084.073302044593,-115.9266979554007,63.93797672288929,0.7419854947748183,-0.4885676886851322
2026-07-05 23:53:12,9952.305266158864,5084.073302044593,-115.9266979554007,68.23196411426943,0.7419854947748183,-0.4887118679039683
2026-07-05 23:58:14,9947.96521679872,5084.073302044593,-115.9266979554007,63.89191475412463,0.7419854947748183,-0.4887118679039683
2026-07-05 23:58:25,9952.581637971449,5084.073302044593,-115.9266979554007,68.50833592685649,0.7419852460947118,-0.4886782153083162
2026-07-06 00:03:27,9948.886503032572,5084.073302044593,-115.9266979554007,64.81320098797823,0.7419852460947118,-0.4886782153083162
2026-07-06 00:03:38,9953.502924205302,5084.073302044593,-115.9266979554007,69.4296221607101,0.7419853704347563,-0.488565235915035
2026-07-06 00:08:40,9950.049579458517,5084.073302044593,-115.9266979554007,65.97627741392171,0.7419853704347563,-0.488565235915035
2026-07-06 00:08:51,9954.666000631249,5084.073302044593,-115.9266979554007,70.59269858665357,0.7419852460947118,-0.4884231956513425
2026-07-06 00:13:53,9951.170483176536,5084.073302044593,-115.9266979554007,67.09718113194322,0.7419852460947118,-0.4884231956513425
2026-07-06 00:14:05,9955.683253204908,5084.073302044593,-115.9266979554007,71.60995116031336,0.7419853704347563,-0.4882982176607444
2026-07-06 00:19:07,9951.043824477074,5084.073302044593,-115.9266979554007,66.97052243248163,0.7419853704347563,-0.4882982176607444
2026-07-06 00:19:18,9955.660245649808,5084.073302044593,-115.9266979554007,71.58694360521349,0.7419854947748183,-0.4883006665772362
2026-07-06 00:24:20,9950.164757809707,5084.073302044593,-115.9266979554007,66.09145576511492,0.7419854947748183,-0.4883006665772362
2026-07-06 00:24:31,9953.913639521908,5084.073302044593,-115.9266979554007,69.84033747731246,0.7419853704347563,-0.4885146261274544
2026-07-06 00:29:33,9949.53905539983,5084.073302044593,-115.9266979554007,65.46575335523539,0.7419853704347563,-0.4885146261274544
2026-07-06 00:29:45,9954.15547657256,5084.073302044593,-115.9266979554007,70.08217452796725,0.7419853704347563,-0.4884847244241208
2026-07-06 00:34:46,9948.89034543485,5084.073302044593,-115.9266979554007,64.817043390256,0.7419853704347563,-0.4884847244241208
2026-07-06 00:34:58,9953.50676660758,5084.073302044593,-115.9266979554007,69.43346456298787,0.7419852460947118,-0.4885646159767856
2026-07-06 00:39:59,9948.218581056204,5084.073302044593,-115.9266979554007,64.14527901161182,0.7419852460947118,-0.4885646159767856
2026-07-06 00:40:10,9952.835002228938,5084.073302044593,-115.9266979554007,68.76170018434368,0.7419854947748183,-0.4886469738417947
2026-07-06 00:45:12,9948.291492982346,5084.073302044593,-115.9266979554007,64.2181909377532,0.7419854947748183,-0.4886469738417947
2026-07-06 00:45:24,9952.485671631644,5084.073302044593,-115.9266979554007,68.4123695870503,0.7419853704347563,-0.4886895858704525
2026-07-06 14:29:06,9924.979474817232,5084.073302044593,-115.9266979554007,40.906172772638456,0.7419853704347563,-0.4886895858704525
2026-07-06 14:29:24,9431.0298788849,4574.518830196512,-125.48116980348236,-443.4889513116132,0.7419853704347563,-0.4943553587028009
2026-07-06 14:34:26,9427.255750953009,4574.518830196512,-125.48116980348236,-447.2630792435039,0.7419853704347563,-0.4943553587028009
2026-07-06 14:34:39,9428.098225660204,5378.9106931067,-121.08930689329468,-450.8124674464966,0.7684770550693178,-0.5193826277507865
2026-07-06 14:39:41,9413.834226330124,5378.9106931067,-121.08930689329468,-465.0764667765761,0.7684770550693178,-0.5193826277507865
2026-07-06 14:39:53,9413.616427949844,6367.7659196504665,-132.2340803495262,-454.14949170062255,0.7657382067559919,-0.5195374050391119
2026-07-06 14:44:55,9413.77170583628,6367.7659196504665,-132.2340803495262,-453.9942138141869,0.7657382067559919,-0.5195374050391119
2026-07-06 14:45:08,9414.0593249736,6367.7659196504665,-132.2340803495262,-453.7065946768666,0.7673203659793926,-0.5183589270763216
2026-07-06 14:50:09,9418.264455095745,6367.7659196504665,-132.2340803495262,-449.5014645547226,0.7673203659793926,-0.5183589270763216
2026-07-06 14:50:22,9418.535240509767,6367.7659196504665,-132.2340803495262,-449.2306791406995,0.7680286062796347,-0.5177010567483813
2026-07-06 14:55:23,9415.793085677757,6367.7659196504665,-132.2340803495262,-451.97283397270985,0.7680286062796347,-0.5177010567483813
2026-07-06 14:55:35,9415.017895848405,6367.7659196504665,-132.2340803495262,-452.74802380206165,0.7677569988078077,-0.5181173292785322
2026-07-06 15:00:37,9416.22196809006,6367.7659196504665,-132.2340803495262,-451.5439515604066,0.7677569988078077,-0.5181173292785322
2026-07-06 15:00:49,9416.458879508737,6367.7659196504665,-132.2340803495262,-451.3070401417304,0.7674147499868511,-0.5171213939052874
2026-07-06 15:05:50,9418.179873381752,6367.7659196504665,-132.2340803495262,-449.5860462687133,0.7674147499868511,-0.5171213939052874
2026-07-06 15:06:02,9418.332099812062,6367.7659196504665,-132.2340803495262,-449.4338198384048,0.7662933815196113,-0.5166015083568358
2026-07-06 15:11:03,9417.995740114307,6367.7659196504665,-132.2340803495262,-449.7701795361581,0.7662933815196113,-0.5166015083568358
2026-07-06 15:11:15,9417.945032395666,5574.505969748047,-132.2340803495262,-449.8208872548025,0.7683355344260263,-0.5178298991985908
2026-07-06 15:16:17,9419.628410602454,5574.505969748047,-132.2340803495262,-448.1375090480146,0.7683355344260263,-0.5178298991985908
2026-07-06 15:16:29,9419.729374822173,5074.505969748047,-132.2340803495262,-448.0365448282973,0.7686659671683453,-0.518018992464726
2026-07-06 15:21:31,9424.579205041282,5074.505969748047,-132.2340803495262,-443.1867146091863,0.7686659671683453,-0.518018992464726
2026-07-06 15:21:43,9424.694410564,5074.505969748047,-132.2340803495262,-443.0715090864687,0.7695161104506232,-0.5179233114855188
2026-07-06 15:26:45,9431.452350761603,5074.505969748047,-132.2340803495262,-436.3135688888633,0.7695161104506232,-0.5179233114855188
2026-07-06 15:26:57,9432.087016812338,5074.505969748047,-132.2340803495262,-435.67890283812994,0.7705356184349978,-0.5182368019438894
2026-07-06 15:29:51,9933.536501776569,5574.5059697480465,-132.2340803495262,65.77058212610063,0.7705356184349978,-0.5182368019438894
